CREATE TABLE KNU_USER(
    Name        VARCHAR(15)     NOT NULL,
    UserId      VARCHAR(15)     NOT NULL,
    Password    VARCHAR(15)     NOT NULL, 
    Department  VARCHAR(15)     NOT NULL,
    StudentId   NUMBER          NOT NULL,
    UNIQUE(StudentId),
    PRIMARY KEY(UserId)
);
    
CREATE TABLE MANAGER(
    ManagerId VARCHAR(15) NOT NULL,
    MPassword VARCHAR(15) NOT NULL,
    PRIMARY KEY (ManagerId)
);

CREATE TABLE ROOM (
    RoomNumber      NUMBER  NOT NULL,
    Classification  VARCHAR(15),
    MaxAvailable    NUMBER  DEFAULT 4 NOT NULL,
    PRIMARY KEY (RoomNumber)
);

CREATE TABLE TIMELINE (
    TimelineRno     NUMBER NOT NULL,
    TimelineId  NUMBER NOT NULL,
    StartTime   NUMBER NOT NULL,
    EndTime     NUMBER NOT NULL,
    PRIMARY KEY (TimelineRno, TimelineId),
    FOREIGN KEY (TimelineRno) REFERENCES ROOM(RoomNumber) ON DELETE CASCADE
);

CREATE TABLE NOTICE(
    NoticeMid   VARCHAR(15)     NOT NULL,
    NoticeId    NUMBER          NOT NULL,
    NTitle      VARCHAR(50)     NOT NULL,
    NContent    VARCHAR(300)    NOT NULL,
    WrittenTime DATE            NOT NULL,
    PRIMARY KEY (NoticeId, NoticeMid),
    FOREIGN KEY (NoticeMid) REFERENCES MANAGER(ManagerId) ON DELETE CASCADE
);

CREATE TABLE REPORT(
    ReportId    NUMBER          NOT NULL,
    ReportUid   VARCHAR(15)     NOT NULL,
    RTitle      VARCHAR(50)     NOT NULL,
    RContent    VARCHAR(300)    NOT NULL,
    RTime       DATE            NOT NULL,
    ReportMid   VARCHAR(15),
    RAnswer     VARCHAR(300), 
    RAnsTime    DATE,
    PRIMARY KEY (ReportId, ReportUid),
    FOREIGN KEY (ReportUid) REFERENCES KNU_USER(UserId) ON DELETE CASCADE,
    FOREIGN KEY (ReportMid) REFERENCES MANAGER(ManagerId) ON DELETE CASCADE
);

CREATE TABLE RATING (
    RatingId    NUMBER          NOT NULL,
    RateUid     VARCHAR(15)     NOT NULL, -- User Id
    RateRno     NUMBER          NOT NULL, -- Room Number
    Rate        NUMBER          NOT NULL,
    RComment     VARCHAR(300)    NOT NULL,
    PRIMARY KEY(RatingId, RateUid, RateRno),
    FOREIGN KEY(RateUid) REFERENCES KNU_USER(UserId) ON DELETE CASCADE,
    FOREIGN KEY(RateRno) REFERENCES ROOM(RoomNumber) ON DELETE CASCADE
);

CREATE TABLE RESERVES (
    ReserveUid  VARCHAR(15) NOT NULL,
    ReserveRno  NUMBER NOT NULL,
    ReserveTid  NUMBER NOT NULL,
    Rdate       DATE NOT NULL,
    PRIMARY KEY (ReserveUid, ReserveRno, ReserveTid, Rdate),
    FOREIGN KEY (ReserveUid) REFERENCES KNU_USER(UserId) ON DELETE CASCADE,
    FOREIGN KEY (ReserveRno, ReserveTid) REFERENCES Timeline(TimelineRno, TimelineId) ON DELETE CASCADE
);

-- User Data
INSERT INTO KNU_USER (Name, UserId, Password, Department, StudentId) VALUES ('정박길', 'vV5N6', '93,3@0[', '컴퓨터학부', 2018851087);
INSERT INTO KNU_USER (Name, UserId, Password, Department, StudentId) VALUES ('조예선', 'vR3YdA8na', '>[Zl1\', '전자공학부', 2015682232);
INSERT INTO KNU_USER (Name, UserId, Password, Department, StudentId) VALUES ('신루두', 'DtePv', 'DEnJIG}n', '전기공학과', 2017530782);
INSERT INTO KNU_USER (Name, UserId, Password, Department, StudentId) VALUES ('정백위', 'Zw5cSG116', '*\-_N{_qaq^s', '컴퓨터학부', 2020663995);
INSERT INTO KNU_USER (Name, UserId, Password, Department, StudentId) VALUES ('성연마', 'yEQrc', '.$3Q]Kr7YI=e', '전자공학부', 2020805068);
INSERT INTO KNU_USER (Name, UserId, Password, Department, StudentId) VALUES ('변기사', 'UoAZw', '+=4[I7X', '전기공학과', 2019660086);
INSERT INTO KNU_USER (Name, UserId, Password, Department, StudentId) VALUES ('변승규', 'WVLA9', 'J*uzLF.yILZ[', '컴퓨터학부', 2016728268);
INSERT INTO KNU_USER (Name, UserId, Password, Department, StudentId) VALUES ('안고솔', 'F2zri', 'VdQH<0DPP', '컴퓨터학부', 2019552673);
INSERT INTO KNU_USER (Name, UserId, Password, Department, StudentId) VALUES ('손선원', 'iH9EJJhK', 'dP＼fL9<IE~Q', '전기공학과', 2018190957);
INSERT INTO KNU_USER (Name, UserId, Password, Department, StudentId) VALUES ('국이윤', '7bEO1', '}\*a<$SJ', '컴퓨터학부', 2019704678);
INSERT INTO KNU_USER (Name, UserId, Password, Department, StudentId) VALUES ('홍단가', 'STMZRA82', '?Pr*]v+z', '컴퓨터학부', 2017767032);
INSERT INTO KNU_USER (Name, UserId, Password, Department, StudentId) VALUES ('성동민', 'Y3PQXoPJ', '~?i}5fK,B', '컴퓨터학부', 2016429360);
INSERT INTO KNU_USER (Name, UserId, Password, Department, StudentId) VALUES ('여의요', 'Kz6e4qh', '#igKZ<)s', '전기공학과', 2016314988);
INSERT INTO KNU_USER (Name, UserId, Password, Department, StudentId) VALUES ('변소숭', '3mnBXs5', 'qp#<~}S^gaEa', '전자공학부', 2016501810);
INSERT INTO KNU_USER (Name, UserId, Password, Department, StudentId) VALUES ('국용라', 'YKioe', 'kpN5Doo＼-4ds', '전자공학부', 2018426850);
INSERT INTO KNU_USER (Name, UserId, Password, Department, StudentId) VALUES ('백설은', 'B4gF2rxis', '?#^P8\#=h~Avh', '전기공학과', 2016944214);
INSERT INTO KNU_USER (Name, UserId, Password, Department, StudentId) VALUES ('명상솔', 'qH3BEG', 'fa*^7ISy,%q', '전기공학과', 2021255895);
INSERT INTO KNU_USER (Name, UserId, Password, Department, StudentId) VALUES ('문기도', '34YtH', 'TUVI<@4=r8', '컴퓨터학부', 2017246578);
INSERT INTO KNU_USER (Name, UserId, Password, Department, StudentId) VALUES ('양건우', '2ZPnp1', '^_iDc0dLd\', '전자공학부', 2021979139);
INSERT INTO KNU_USER (Name, UserId, Password, Department, StudentId) VALUES ('나루산', 'DvvKHQRC', '@329|IgbBk:c', '전기공학과', 2018665102);
INSERT INTO KNU_USER (Name, UserId, Password, Department, StudentId) VALUES ('전의여', '8efaK9F2A', '6R@iY>.#b6S\F', '컴퓨터학부', 2019308448);
INSERT INTO KNU_USER (Name, UserId, Password, Department, StudentId) VALUES ('여문엄', 'sHkL0', '%r,l', '전자공학부', 2021059925);
INSERT INTO KNU_USER (Name, UserId, Password, Department, StudentId) VALUES ('반상마', '6m7gF', 'lI8J1oa^', '전기공학과', 2020602793);
INSERT INTO KNU_USER (Name, UserId, Password, Department, StudentId) VALUES ('마의병', 'eVfgCam', 'lh-=Kkb.7}F77', '전기공학과', 2021513742);
INSERT INTO KNU_USER (Name, UserId, Password, Department, StudentId) VALUES ('전의보', 'Pn9zZucf', 'Jx2tr+B2', '전기공학과', 2021896993);
INSERT INTO KNU_USER (Name, UserId, Password, Department, StudentId) VALUES ('홍구가', 'cVGXdB5y', 'qkbgKiA2%).', '컴퓨터학부', 2021954874);
INSERT INTO KNU_USER (Name, UserId, Password, Department, StudentId) VALUES ('구용노', 'qkivN', 'R6DvuQi_M[4', '컴퓨터학부', 2016912667);
INSERT INTO KNU_USER (Name, UserId, Password, Department, StudentId) VALUES ('국시율', 'upy0awgo', 'Bz>XKd+g\Hp', '컴퓨터학부', 2020723990);
INSERT INTO KNU_USER (Name, UserId, Password, Department, StudentId) VALUES ('정광사', 'CScdg0OHi', 'q:.i2\OWr+8@', '전기공학과', 2016264990);
INSERT INTO KNU_USER (Name, UserId, Password, Department, StudentId) VALUES ('고고산', 'maOcSapJI', 'PBR2|＼Czgodq', '전기공학과', 2016667293);
INSERT INTO KNU_USER (Name, UserId, Password, Department, StudentId) VALUES ('조별민', '10K19naQ', 'ggB\=,?ibZ1e#', '전기공학과', 2016501228);
INSERT INTO KNU_USER (Name, UserId, Password, Department, StudentId) VALUES ('홍노애', '7RY7B', '@~wb:mpE0]', '컴퓨터학부', 2018537181);
INSERT INTO KNU_USER (Name, UserId, Password, Department, StudentId) VALUES ('석사병', '5DNMpg1', 'CRJGe6?\', '컴퓨터학부', 2020665900);
INSERT INTO KNU_USER (Name, UserId, Password, Department, StudentId) VALUES ('표덕의', '2XGvP', 'eb_<=DV3l|c4', '전자공학부', 2017965698);
INSERT INTO KNU_USER (Name, UserId, Password, Department, StudentId) VALUES ('장경예', 'rXTk22wHf', 'ni%d}qxUUhJ', '전기공학과', 2015292913);
INSERT INTO KNU_USER (Name, UserId, Password, Department, StudentId) VALUES ('조덕위', 'DJrB1tw53', '4,Jh?7M)', '컴퓨터학부', 2020353810);
INSERT INTO KNU_USER (Name, UserId, Password, Department, StudentId) VALUES ('추원기', '6MKmEPqH', '4=sK_}', '전기공학과', 2019402422);
INSERT INTO KNU_USER (Name, UserId, Password, Department, StudentId) VALUES ('소두별', 'zKNttIMh4', '*4P6ZbuL', '전기공학과', 2017629155);
INSERT INTO KNU_USER (Name, UserId, Password, Department, StudentId) VALUES ('강성병', 'echZLWgs', 'IdlYyurrx\t', '컴퓨터학부', 2019471736);
INSERT INTO KNU_USER (Name, UserId, Password, Department, StudentId) VALUES ('신백연', '0nf6lLgt9', 'YUsg+1SIWAP]', '컴퓨터학부', 2015276255);
INSERT INTO KNU_USER (Name, UserId, Password, Department, StudentId) VALUES ('지소길', 'bwT8b6h', 'Og4z%<*', '전기공학과', 2021650255);
INSERT INTO KNU_USER (Name, UserId, Password, Department, StudentId) VALUES ('진도안', 'hl3Yc4OS', 'xv>wFeA', '전자공학부', 2019044345);
INSERT INTO KNU_USER (Name, UserId, Password, Department, StudentId) VALUES ('최숙숭', 'PnAgswbP', 'wn-(i=1gDl[', '전자공학부', 2018600837);
INSERT INTO KNU_USER (Name, UserId, Password, Department, StudentId) VALUES ('구여신', '7D114', 'l[-1uRqtV3', '전자공학부', 2021184479);
INSERT INTO KNU_USER (Name, UserId, Password, Department, StudentId) VALUES ('윤엄보', '8g0rGa', 'qm3r~KO0', '전기공학과', 2018878759);
INSERT INTO KNU_USER (Name, UserId, Password, Department, StudentId) VALUES ('양석원', '6AFbalDN', 'irG<%skc', '전기공학과', 2015890319);
INSERT INTO KNU_USER (Name, UserId, Password, Department, StudentId) VALUES ('연오오', 'Ez9wTFP', '%z$uSSf', '전기공학과', 2020319903);
INSERT INTO KNU_USER (Name, UserId, Password, Department, StudentId) VALUES ('왕사관', '7Ak6ntZ', '8}tWltEnx#', '전기공학과', 2016508723);
INSERT INTO KNU_USER (Name, UserId, Password, Department, StudentId) VALUES ('탁대연', 'axm4VH', '.^xgQ0L', '전기공학과', 2016245595);
INSERT INTO KNU_USER (Name, UserId, Password, Department, StudentId) VALUES ('김로노', 'XgJ2rhO', 'phd+TbvHx', '전자공학부', 2018709611);
INSERT INTO KNU_USER (Name, UserId, Password, Department, StudentId) VALUES ('노원신', '8O65kkBgd', '(,^W:M', '컴퓨터학부', 2017798139);
INSERT INTO KNU_USER (Name, UserId, Password, Department, StudentId) VALUES ('조길엄', 'CibhoF', 'n+T#eglDg7J*b', '컴퓨터학부', 2017727367);
INSERT INTO KNU_USER (Name, UserId, Password, Department, StudentId) VALUES ('고기아', 'yAYVHEHtV', 'pkbDUs6', '전자공학부', 2017273626);
INSERT INTO KNU_USER (Name, UserId, Password, Department, StudentId) VALUES ('표두상', 'dSJkyBQeT', 'cx6oe|=.W', '전자공학부', 2018504112);
INSERT INTO KNU_USER (Name, UserId, Password, Department, StudentId) VALUES ('곽세범', 'rOff3', 'e5KufW_(A+n?V', '컴퓨터학부', 2017717782);
INSERT INTO KNU_USER (Name, UserId, Password, Department, StudentId) VALUES ('전나상', 'L7wJ7', '2)1.fK.)=t1X', '컴퓨터학부', 2021629368);
INSERT INTO KNU_USER (Name, UserId, Password, Department, StudentId) VALUES ('신단박', 'H6pR9', 'y?g$Z]azz)?', '전자공학부', 2016495719);
INSERT INTO KNU_USER (Name, UserId, Password, Department, StudentId) VALUES ('장수나', 'ZAoaXXQkZ', 'URx?#LsmMwp', '전기공학과', 2018860855);
INSERT INTO KNU_USER (Name, UserId, Password, Department, StudentId) VALUES ('명관문', 'vV8gn8EOg', 'zk[bCR$', '전자공학부', 2015252491);
INSERT INTO KNU_USER (Name, UserId, Password, Department, StudentId) VALUES ('천옥요', '1CUVJIZQ', 'YTm3-@ECw6*9~', '전자공학부', 2015006874);
INSERT INTO KNU_USER (Name, UserId, Password, Department, StudentId) VALUES ('남동마', 'NDrBDpU8', 'D6sUBlK', '전기공학과', 2021751822);
INSERT INTO KNU_USER (Name, UserId, Password, Department, StudentId) VALUES ('탁박영', 's0Wu01', 'sdasds546', '전기공학과', 2019529160);
INSERT INTO KNU_USER (Name, UserId, Password, Department, StudentId) VALUES ('표민숙', '2emJ0L7E', '0Xb5FVd{v', '전자공학부', 2015110731);
INSERT INTO KNU_USER (Name, UserId, Password, Department, StudentId) VALUES ('고선우', 'izZCn9om9', 'k-{56K6Bv', '컴퓨터학부', 2020327980);
INSERT INTO KNU_USER (Name, UserId, Password, Department, StudentId) VALUES ('곽보마', 'o3oxU3', '.eB_＼6|', '전자공학부', 2020765980);
INSERT INTO KNU_USER (Name, UserId, Password, Department, StudentId) VALUES ('고순상', 'xLgNJGg8', 'RqwCQsHJvd9', '컴퓨터학부', 2016974391);
INSERT INTO KNU_USER (Name, UserId, Password, Department, StudentId) VALUES ('주산무', 'C0Ulo2glx', 'p,O9Hba', '전기공학과', 2017851603);
INSERT INTO KNU_USER (Name, UserId, Password, Department, StudentId) VALUES ('손관보', '6ozzLw', 'sdkasld456', '전기공학과', 2017392361);
INSERT INTO KNU_USER (Name, UserId, Password, Department, StudentId) VALUES ('윤보연', '3BOcHYoLS', '<02DQG1~}m$x', '전기공학과', 2020844975);
INSERT INTO KNU_USER (Name, UserId, Password, Department, StudentId) VALUES ('민승단', '967kewq', 'xl~NCE[l}gz', '컴퓨터학부', 2020398775);
INSERT INTO KNU_USER (Name, UserId, Password, Department, StudentId) VALUES ('우건완', 'NqnQBCGU', ')QtCR(^', '전기공학과', 2018761006);
INSERT INTO KNU_USER (Name, UserId, Password, Department, StudentId) VALUES ('탁애다', 'ldYomHc5S', 'r)O})Ah51TT:', '전기공학과', 2021786831);
INSERT INTO KNU_USER (Name, UserId, Password, Department, StudentId) VALUES ('남원백', 'iQEyqie', 'nzWc?{.OF', '컴퓨터학부', 2017343316);
INSERT INTO KNU_USER (Name, UserId, Password, Department, StudentId) VALUES ('우나서', '7v8N7r', '4I9Hfh~#', '전기공학과', 2015361807);
INSERT INTO KNU_USER (Name, UserId, Password, Department, StudentId) VALUES ('원월라', 'zNOhPmF', 'kS^qURgU', '전기공학과', 2017633875);
INSERT INTO KNU_USER (Name, UserId, Password, Department, StudentId) VALUES ('김요규', 'f6G28', 'ybILaW])Vck', '전자공학부', 2018381918);
INSERT INTO KNU_USER (Name, UserId, Password, Department, StudentId) VALUES ('석사대', 'QeEf8w4xl', 'e,.4p|Ta-', '전기공학과', 2016040687);
INSERT INTO KNU_USER (Name, UserId, Password, Department, StudentId) VALUES ('임명예', 'HnDpSlw8g', '2DSN$+H+k0Kxs', '전기공학과', 2015427036);
INSERT INTO KNU_USER (Name, UserId, Password, Department, StudentId) VALUES ('방시로', 'XL6nBZ', 'FWm_xs7', '전자공학부', 2017703161);
INSERT INTO KNU_USER (Name, UserId, Password, Department, StudentId) VALUES ('조리아', 'rR8bx', 'eyMwgL5|A', '전자공학부', 2019416690);
INSERT INTO KNU_USER (Name, UserId, Password, Department, StudentId) VALUES ('장나래', 'UbAzg6T', 'o()R8QW', '전기공학과', 2016464335);
INSERT INTO KNU_USER (Name, UserId, Password, Department, StudentId) VALUES ('지무사', 'cDa35C', '%3.WkNRpdB', '전기공학과', 2018312818);
INSERT INTO KNU_USER (Name, UserId, Password, Department, StudentId) VALUES ('반슬시', 'fhEhfrQ', '4O5@53M^d', '전기공학과', 2021879076);
INSERT INTO KNU_USER (Name, UserId, Password, Department, StudentId) VALUES ('배산산', 'dDkw1pUG', 'h0F+3', '전기공학과', 2019917956);
INSERT INTO KNU_USER (Name, UserId, Password, Department, StudentId) VALUES ('주무은', '4h6qLa4Ff', 't}v+umua', '컴퓨터학부', 2019366073);
INSERT INTO KNU_USER (Name, UserId, Password, Department, StudentId) VALUES ('신무누', 'PKEMF', 'dasd4', '전기공학과', 2019644980);
INSERT INTO KNU_USER (Name, UserId, Password, Department, StudentId) VALUES ('최안남', 'LizSKOzJO', 'gf-^-I}Fq94g]', '컴퓨터학부', 2017135330);
INSERT INTO KNU_USER (Name, UserId, Password, Department, StudentId) VALUES ('천숭바', 'rfpl1BPy', '*Mq}qIzBt', '전기공학과', 2017069307);
INSERT INTO KNU_USER (Name, UserId, Password, Department, StudentId) VALUES ('조영문', 'fvx26zhuT', 'Or@vUmKL', '전기공학과', 2019193471);
INSERT INTO KNU_USER (Name, UserId, Password, Department, StudentId) VALUES ('지요오', 'k5WKu2wU3', 'S8]}iERF', '전자공학부', 2021274871);
INSERT INTO KNU_USER (Name, UserId, Password, Department, StudentId) VALUES ('지세섭', 'soyLw', 'Wk>BbY0#m^', '전자공학부', 2017628047);
INSERT INTO KNU_USER (Name, UserId, Password, Department, StudentId) VALUES ('남세민', 'MDYkp2C', '~:CUXL^', '전기공학과', 2015276146);
INSERT INTO KNU_USER (Name, UserId, Password, Department, StudentId) VALUES ('여관석', 'g3H1lk', '\}B#sAinv', '컴퓨터학부', 2020564580);
INSERT INTO KNU_USER (Name, UserId, Password, Department, StudentId) VALUES ('현원보', 'R15oNMI', 'q3Cc', '컴퓨터학부', 2015359300);
INSERT INTO KNU_USER (Name, UserId, Password, Department, StudentId) VALUES ('왕남다', 'SYfg7F', '7,@*wO_r*rAg', '전기공학과', 2016114463);
INSERT INTO KNU_USER (Name, UserId, Password, Department, StudentId) VALUES ('설시근', 'rZDrndzM', 'qA+mDt>ugWM', '전자공학부', 2018920219);
INSERT INTO KNU_USER (Name, UserId, Password, Department, StudentId) VALUES ('민용명', 'Lm5Kn', 'g]=gl%]', '컴퓨터학부', 2017308403);
INSERT INTO KNU_USER (Name, UserId, Password, Department, StudentId) VALUES ('강선오', 'SSbbzIF', '8{{dfwR', '컴퓨터학부', 2021263333);
INSERT INTO KNU_USER (Name, UserId, Password, Department, StudentId) VALUES ('홍옥가', 'bhRF5RUi', 'iwK#T(w', '컴퓨터학부', 2018828102);
INSERT INTO KNU_USER (Name, UserId, Password, Department, StudentId) VALUES ('엄달담', 'u3zK2u', 'yUhPgq4gly', '전기공학과', 2020228511);
INSERT INTO KNU_USER (Name, UserId, Password, Department, StudentId) VALUES ('장대광', 'dXdP0dd', 'm?PA)Q.A', '전자공학부', 2016861063);
INSERT INTO KNU_USER (Name, UserId, Password, Department, StudentId) VALUES ('석백로', 'JCXuTtt9T', 'fsO#)(_', '컴퓨터학부', 2017357762);
INSERT INTO KNU_USER (Name, UserId, Password, Department, StudentId) VALUES ('여도상', 'XG3SV', '?MX.ggXI$', '전자공학부', 2016175471);
INSERT INTO KNU_USER (Name, UserId, Password, Department, StudentId) VALUES ('손보소', 'AYZws3MWo', '*lJtai', '컴퓨터학부', 2021995323);
INSERT INTO KNU_USER (Name, UserId, Password, Department, StudentId) VALUES ('조영안', '65Rwf', 'pY34K=H|q7', '컴퓨터학부', 2018696896);
INSERT INTO KNU_USER (Name, UserId, Password, Department, StudentId) VALUES ('권다도', 'YUmvYnxb', '[%~QmB32|', '전기공학과', 2015447628);
INSERT INTO KNU_USER (Name, UserId, Password, Department, StudentId) VALUES ('박백여', 'Mu9Wv', 'fGEWFUr*[S', '전기공학과', 2021484339);
INSERT INTO KNU_USER (Name, UserId, Password, Department, StudentId) VALUES ('마승숙', 'X40pz8O', 'kDlY2X~hVO', '전기공학과', 2015282593);
INSERT INTO KNU_USER (Name, UserId, Password, Department, StudentId) VALUES ('엄시건', 'yZmX2D', '+[K^w0YEh-\QI', '전자공학부', 2016203391);
INSERT INTO KNU_USER (Name, UserId, Password, Department, StudentId) VALUES ('황월수', 'FcIO4', '|DcLM.<{QDeQ', '전기공학과', 2019257197);
INSERT INTO KNU_USER (Name, UserId, Password, Department, StudentId) VALUES ('박미숭', 'g3FICn1G', 'udAx|%:VI(＼', '전기공학과', 2018235899);
INSERT INTO KNU_USER (Name, UserId, Password, Department, StudentId) VALUES ('천여영', '4x7ngg', 'W:4lqm', '전기공학과', 2021269698);
INSERT INTO KNU_USER (Name, UserId, Password, Department, StudentId) VALUES ('염석상', 'f6TY86h', 'SgzQh@@Ep-', '컴퓨터학부', 2016968427);
INSERT INTO KNU_USER (Name, UserId, Password, Department, StudentId) VALUES ('정예남', 'x2mfV', 'dasd6456', '전기공학과', 2019107675);
INSERT INTO KNU_USER (Name, UserId, Password, Department, StudentId) VALUES ('방두덕', 'onbUvXA0', '\5~%gn＼SqS', '컴퓨터학부', 2021926585);
INSERT INTO KNU_USER (Name, UserId, Password, Department, StudentId) VALUES ('배민용', 'gz2adhar', '84Mo?9^G\vJV', '전자공학부', 2017312729);
INSERT INTO KNU_USER (Name, UserId, Password, Department, StudentId) VALUES ('전문숭', 'UgBPItAW', ',VSikM?', '전기공학과', 2019215878);
INSERT INTO KNU_USER (Name, UserId, Password, Department, StudentId) VALUES ('차루문', 'nUZQK9g', 'X:f92e', '컴퓨터학부', 2016997856);
INSERT INTO KNU_USER (Name, UserId, Password, Department, StudentId) VALUES ('명원순', 'hUi1TBUo3', 'B9^BSOM', '전자공학부', 2017661702);
INSERT INTO KNU_USER (Name, UserId, Password, Department, StudentId) VALUES ('염나범', 'hAipZa3i', 'Y#.$KM::WVT', '컴퓨터학부', 2015668962);
INSERT INTO KNU_USER (Name, UserId, Password, Department, StudentId) VALUES ('홍안솔', 'KoWRsoppv', 'NZB>#v＼xu', '전기공학과', 2020066800);
INSERT INTO KNU_USER (Name, UserId, Password, Department, StudentId) VALUES ('양원요', 'SyYc6', '}\h:q+)=', '전기공학과', 2019880692);
INSERT INTO KNU_USER (Name, UserId, Password, Department, StudentId) VALUES ('마담덕', 'OXD83HxX', 'ngfi%B3{i', '전기공학과', 2019819490);
INSERT INTO KNU_USER (Name, UserId, Password, Department, StudentId) VALUES ('여시백', 'GRHkeg', '@L[g9r.8＼tnv', '컴퓨터학부', 2017778367);
INSERT INTO KNU_USER (Name, UserId, Password, Department, StudentId) VALUES ('허기성', 'gBzCWbWE0', '~6_{iR', '컴퓨터학부', 2016031082);
INSERT INTO KNU_USER (Name, UserId, Password, Department, StudentId) VALUES ('왕유다', 'EExtbEv', 'Yp]ge8z>-%y,', '전기공학과', 2015257299);
INSERT INTO KNU_USER (Name, UserId, Password, Department, StudentId) VALUES ('강시슬', 'WfaPGNSkI', '-~+7<＼O', '전기공학과', 2020575548);
INSERT INTO KNU_USER (Name, UserId, Password, Department, StudentId) VALUES ('신영수', 'puKcxQ', 'AO}@n7ua#,', '전자공학부', 2018818655);
INSERT INTO KNU_USER (Name, UserId, Password, Department, StudentId) VALUES ('최성신', '4t99HW3c', 'A＼EBtpbP~M', '전기공학과', 2015727740);
INSERT INTO KNU_USER (Name, UserId, Password, Department, StudentId) VALUES ('고광근', 'IotOcFLfH', 'Rhq6|82ux', '컴퓨터학부', 2018957984);
INSERT INTO KNU_USER (Name, UserId, Password, Department, StudentId) VALUES ('명용문', 'z53Ch', '4sVQPR.J,', '전기공학과', 2018449999);
INSERT INTO KNU_USER (Name, UserId, Password, Department, StudentId) VALUES ('유슬다', 'CHUggwnVb', ')seQ(vw', '컴퓨터학부', 2017975355);
INSERT INTO KNU_USER (Name, UserId, Password, Department, StudentId) VALUES ('천강완', 'F9C7IofAN', 'T8m$D+x', '전기공학과', 2019989554);
INSERT INTO KNU_USER (Name, UserId, Password, Department, StudentId) VALUES ('기달옥', 'J1VfirSyl', 'YD＼+|<Tez', '컴퓨터학부', 2020805138);
INSERT INTO KNU_USER (Name, UserId, Password, Department, StudentId) VALUES ('홍관문', 'HmcV3Q6u', 'gSQ?M[pnab', '전자공학부', 2021312453);
INSERT INTO KNU_USER (Name, UserId, Password, Department, StudentId) VALUES ('우관석', 'zkPM3O', '].fyLu.,8<LDY', '컴퓨터학부', 2019906731);
INSERT INTO KNU_USER (Name, UserId, Password, Department, StudentId) VALUES ('손나기', 'xyPh39Xyh', 'S4#}bA%@g5pQ', '전자공학부', 2018097941);
INSERT INTO KNU_USER (Name, UserId, Password, Department, StudentId) VALUES ('문윤영', '9NQHsK', 'su+Sh#EJGi', '컴퓨터학부', 2015256533);
INSERT INTO KNU_USER (Name, UserId, Password, Department, StudentId) VALUES ('국래라', 'cEuszVgL', '4#e', '전자공학부', 2018438115);
INSERT INTO KNU_USER (Name, UserId, Password, Department, StudentId) VALUES ('윤수연', 'pLpvgqda', '$aH^E＼2SAum-', '전기공학과', 2021029231);
INSERT INTO KNU_USER (Name, UserId, Password, Department, StudentId) VALUES ('탁무숭', 'aGs6wUD7', '6TOOF|Y', '컴퓨터학부', 2018468703);
INSERT INTO KNU_USER (Name, UserId, Password, Department, StudentId) VALUES ('손마소', 'k4tAYNt3L', '0*=%r:H$>dQ', '전자공학부', 2017082361);
INSERT INTO KNU_USER (Name, UserId, Password, Department, StudentId) VALUES ('주단시', 'Rc7v1Jz8', 'J[lps>k5S', '컴퓨터학부', 2015346616);
INSERT INTO KNU_USER (Name, UserId, Password, Department, StudentId) VALUES ('정강근', 'fq1Og3F4', 'nf)q1L(~i', '전기공학과', 2017076270);
INSERT INTO KNU_USER (Name, UserId, Password, Department, StudentId) VALUES ('소덕새', 'OsBfX', '1@sSk5tcE', '컴퓨터학부', 2021701794);
INSERT INTO KNU_USER (Name, UserId, Password, Department, StudentId) VALUES ('엄남도', 'GZLuFzl', '.dgL_h[U', '전자공학부', 2018262690);
INSERT INTO KNU_USER (Name, UserId, Password, Department, StudentId) VALUES ('염다숙', '1KbLuzqr1', ':+8tNn0A', '전자공학부', 2015630836);
INSERT INTO KNU_USER (Name, UserId, Password, Department, StudentId) VALUES ('염길으', 'p3zNsaQS', '.(z%ULhaoGpx8', '전기공학과', 2015301325);
INSERT INTO KNU_USER (Name, UserId, Password, Department, StudentId) VALUES ('반위도', '7HHNRZJ', 't5kIfg(ZC$2L', '컴퓨터학부', 2016285940);
INSERT INTO KNU_USER (Name, UserId, Password, Department, StudentId) VALUES ('배로승', 'vzWew', '}Q3b＼9BElugK', '컴퓨터학부', 2015160296);
INSERT INTO KNU_USER (Name, UserId, Password, Department, StudentId) VALUES ('탁유관', 'kxcJgK', 'fd4Be?*KiDMz', '전기공학과', 2018393183);
INSERT INTO KNU_USER (Name, UserId, Password, Department, StudentId) VALUES ('허보관', 'zeUwgh4uu', '_ca8M0y4.yvp', '전자공학부', 2015095691);
INSERT INTO KNU_USER (Name, UserId, Password, Department, StudentId) VALUES ('염나규', 'yO3Rglnii', 'T]ei}i_', '컴퓨터학부', 2019422142);
INSERT INTO KNU_USER (Name, UserId, Password, Department, StudentId) VALUES ('이윤은', 'o54x3tPXc', '$T]>X188', '전기공학과', 2019958906);
INSERT INTO KNU_USER (Name, UserId, Password, Department, StudentId) VALUES ('오가소', 'hvBmMrMV', 'F[H＼([%RwM', '컴퓨터학부', 2015275246);
INSERT INTO KNU_USER (Name, UserId, Password, Department, StudentId) VALUES ('도예백', 'zaz3cG', 'l7(tk0^', '전자공학부', 2020051117);
INSERT INTO KNU_USER (Name, UserId, Password, Department, StudentId) VALUES ('구안솔', 'Z6yRF5Au', '+KT[>%g%Vs{CQ', '전자공학부', 2021804631);
INSERT INTO KNU_USER (Name, UserId, Password, Department, StudentId) VALUES ('유만별', 'rWvp0Rw', 'k9=5vSQ%?r6', '컴퓨터학부', 2015541640);
INSERT INTO KNU_USER (Name, UserId, Password, Department, StudentId) VALUES ('남성선', 'gm3l9', 'tnw3DUp', '전자공학부', 2020555772);
INSERT INTO KNU_USER (Name, UserId, Password, Department, StudentId) VALUES ('노엄경', 'h5Lg0wy4', '642kxpg', '전기공학과', 2020634567);
INSERT INTO KNU_USER (Name, UserId, Password, Department, StudentId) VALUES ('설라오', 'BxPmmE', 'PVRs{G＼', '전기공학과', 2016011870);
INSERT INTO KNU_USER (Name, UserId, Password, Department, StudentId) VALUES ('남위위', 'dMr8iETu', 'V(-Z(48', '전기공학과', 2021008729);
INSERT INTO KNU_USER (Name, UserId, Password, Department, StudentId) VALUES ('변마아', 'lMAFv', '\LA?Zlw\TQ$', '컴퓨터학부', 2019733432);
INSERT INTO KNU_USER (Name, UserId, Password, Department, StudentId) VALUES ('변애근', 'uLzU7fDC', 'B:-@e24Lxp', '전자공학부', 2016467101);
INSERT INTO KNU_USER (Name, UserId, Password, Department, StudentId) VALUES ('조애유', 'bFUvbLTy', '>qV81Q$H', '전기공학과', 2017549149);
INSERT INTO KNU_USER (Name, UserId, Password, Department, StudentId) VALUES ('유근별', 'LdeMns1f', ',X]|uV=', '컴퓨터학부', 2017433183);
INSERT INTO KNU_USER (Name, UserId, Password, Department, StudentId) VALUES ('장다우', 'JfnVt', '1g5<NSz', '컴퓨터학부', 2019037439);
INSERT INTO KNU_USER (Name, UserId, Password, Department, StudentId) VALUES ('유루신', 'oeXq2', 'Xlc|[dhP}8Ef', '컴퓨터학부', 2021839552);
INSERT INTO KNU_USER (Name, UserId, Password, Department, StudentId) VALUES ('홍시달', 'skGByUsHP', '|tA_＼KIfn~R\', '전자공학부', 2020469707);
INSERT INTO KNU_USER (Name, UserId, Password, Department, StudentId) VALUES ('유완미', 'nFCUig', 'E8~G*v\tDxZ', '전기공학과', 2021094455);
INSERT INTO KNU_USER (Name, UserId, Password, Department, StudentId) VALUES ('윤근서', 'Vnpo6hH', 'UC', '컴퓨터학부', 2021726345);
INSERT INTO KNU_USER (Name, UserId, Password, Department, StudentId) VALUES ('한석유', 'WUS44', 'RCO4RzecOq', '전기공학과', 2018236945);
INSERT INTO KNU_USER (Name, UserId, Password, Department, StudentId) VALUES ('박관달', 'mCaZI', 'YJD:di?QnAA', '전자공학부', 2018471832);
INSERT INTO KNU_USER (Name, UserId, Password, Department, StudentId) VALUES ('홍슬엄', '5dNyYE', 'P@yxwxyt', '컴퓨터학부', 2020118565);
INSERT INTO KNU_USER (Name, UserId, Password, Department, StudentId) VALUES ('방건광', 'w3AgG7ms', 'v<qs=9o', '컴퓨터학부', 2017485850);
INSERT INTO KNU_USER (Name, UserId, Password, Department, StudentId) VALUES ('엄관두', 'YWJKrpNi', '|59g7e', '전기공학과', 2021223814);
INSERT INTO KNU_USER (Name, UserId, Password, Department, StudentId) VALUES ('모대숭', 'z5STJk', '>e)kt.OKNv=', '전기공학과', 2015199096);
INSERT INTO KNU_USER (Name, UserId, Password, Department, StudentId) VALUES ('정유명', 'F6HIhX2', 'adliG=e_', '컴퓨터학부', 2015469596);
INSERT INTO KNU_USER (Name, UserId, Password, Department, StudentId) VALUES ('탁나근', 'wDgO8TI1D', 'gW,R>G,z1<,', '컴퓨터학부', 2017821976);
INSERT INTO KNU_USER (Name, UserId, Password, Department, StudentId) VALUES ('강누설', 'Oxusr3Z5t', 'a^R5X$[', '전자공학부', 2016757440);
INSERT INTO KNU_USER (Name, UserId, Password, Department, StudentId) VALUES ('강근아', 'RpT4YFya9', 'asdasda', '전자공학부', 2015590892);
INSERT INTO KNU_USER (Name, UserId, Password, Department, StudentId) VALUES ('주별산', 'PNn1QLh5K', '\Q]0p{ROBr', '컴퓨터학부', 2016792153);
INSERT INTO KNU_USER (Name, UserId, Password, Department, StudentId) VALUES ('진기병', 'MBEOdbMk', '$4*U$rS-gof', '전기공학과', 2019776524);
INSERT INTO KNU_USER (Name, UserId, Password, Department, StudentId) VALUES ('민단백', 'ne67g', 'Deb9v#Qfg,', '전자공학부', 2020636244);
INSERT INTO KNU_USER (Name, UserId, Password, Department, StudentId) VALUES ('설관박', 'YXaHEqrZ', '@pu3vu@', '컴퓨터학부', 2016627765);
INSERT INTO KNU_USER (Name, UserId, Password, Department, StudentId) VALUES ('유동민', 'wcvFJc', 'koZXK2XK#', '전기공학과', 2019393146);
INSERT INTO KNU_USER (Name, UserId, Password, Department, StudentId) VALUES ('노강은', 'ETmsO74', 'pGHgl+:DT7D', '전자공학부', 2019892525);
INSERT INTO KNU_USER (Name, UserId, Password, Department, StudentId) VALUES ('차윤남', 'umJ6OT', '74hbqR(wIS', '컴퓨터학부', 2018182375);
INSERT INTO KNU_USER (Name, UserId, Password, Department, StudentId) VALUES ('신으무', 'bf0kV', 'J9H6Le', '전자공학부', 2018185016);
INSERT INTO KNU_USER (Name, UserId, Password, Department, StudentId) VALUES ('류애이', 'VS5NO8mF', '~$u~mrDT=fAZ', '전기공학과', 2019935590);
INSERT INTO KNU_USER (Name, UserId, Password, Department, StudentId) VALUES ('함근길', 'aChPHV', '-ib3C{8', '전자공학부', 2016192145);
INSERT INTO KNU_USER (Name, UserId, Password, Department, StudentId) VALUES ('서석원', 'hrBd4Tn', 'r66Jg6\WIF|n', '전자공학부', 2020846065);
INSERT INTO KNU_USER (Name, UserId, Password, Department, StudentId) VALUES ('성원엄', 'wxdYd', 'iHe\eN[x%', '컴퓨터학부', 2017673821);
INSERT INTO KNU_USER (Name, UserId, Password, Department, StudentId) VALUES ('장근순', 'UO7t5', '9w0L=I.|', '전기공학과', 2019066567);
INSERT INTO KNU_USER (Name, UserId, Password, Department, StudentId) VALUES ('지경안', 'YVVnVfnMc', 'v,s$T)1', '컴퓨터학부', 2020177759);
INSERT INTO KNU_USER (Name, UserId, Password, Department, StudentId) VALUES ('정석무', 'U1i4K6fY', 'TdKx|2UIb', '전자공학부', 2021650054);
INSERT INTO KNU_USER (Name, UserId, Password, Department, StudentId) VALUES ('정신관', 'NyOXV80W', 'Uvd<A<P*+A', '전기공학과', 2018906186);
INSERT INTO KNU_USER (Name, UserId, Password, Department, StudentId) VALUES ('한은윤', 'ruAsRk1y', '[]k=L@X', '컴퓨터학부', 2021370978);
INSERT INTO KNU_USER (Name, UserId, Password, Department, StudentId) VALUES ('현동소', 'Qyz6R', 'sdas', '컴퓨터학부', 2018534378);
INSERT INTO KNU_USER (Name, UserId, Password, Department, StudentId) VALUES ('채여병', '4t7aJbOZ1', '＼k3yE$^T?S|c', '컴퓨터학부', 2018302501);
INSERT INTO KNU_USER (Name, UserId, Password, Department, StudentId) VALUES ('류다용', 'TIMnGFHZ', 'JqW#z5N', '컴퓨터학부', 2018986058);
INSERT INTO KNU_USER (Name, UserId, Password, Department, StudentId) VALUES ('권소사', 'kyE8a', 'sWVVJ8#O-26', '컴퓨터학부', 2018463847);
INSERT INTO KNU_USER (Name, UserId, Password, Department, StudentId) VALUES ('기섭고', 'JAT9d3tyw', 'Lgz^kADv', '전자공학부', 2018912008);
INSERT INTO KNU_USER (Name, UserId, Password, Department, StudentId) VALUES ('진만길', 'EvZxBawnQ', '~NRtMd]hXX[', '컴퓨터학부', 2021042280);
INSERT INTO KNU_USER (Name, UserId, Password, Department, StudentId) VALUES ('성명병', 'TlanVTYk', 'Z^*t^t[', '컴퓨터학부', 2015811918);
INSERT INTO KNU_USER (Name, UserId, Password, Department, StudentId) VALUES ('유으소', 'd3rBB', 'S}C4X@UPIx[', '전자공학부', 2021444499);
INSERT INTO KNU_USER (Name, UserId, Password, Department, StudentId) VALUES ('곽만백', 'IlSSM', 'ocZ\7a@', '전자공학부', 2015866601);
INSERT INTO KNU_USER (Name, UserId, Password, Department, StudentId) VALUES ('장윤성', '4gJge5FH', 'O?}<yixTmR', '전자공학부', 2016031058);
INSERT INTO KNU_USER (Name, UserId, Password, Department, StudentId) VALUES ('공섭고', 'r7UM9Q', 'r8Z%W7.EGox', '전기공학과', 2021859029);
INSERT INTO KNU_USER (Name, UserId, Password, Department, StudentId) VALUES ('조선소', 'B7wLMZEwh', 'wA?h:Qs|ZStv', '컴퓨터학부', 2021955826);
INSERT INTO KNU_USER (Name, UserId, Password, Department, StudentId) VALUES ('우선도', 'm7BxnPn', 'r}03Z9X=V~O', '전자공학부', 2021505488);
INSERT INTO KNU_USER (Name, UserId, Password, Department, StudentId) VALUES ('이근건', 'pkmoC', '@aXgv>0.WUGY', '전기공학과', 2020801437);
INSERT INTO KNU_USER (Name, UserId, Password, Department, StudentId) VALUES ('문숙바', '1fWlBeLlO', '0GD@3gXYL', '컴퓨터학부', 2020348806);
INSERT INTO KNU_USER (Name, UserId, Password, Department, StudentId) VALUES ('조루범', 'w2gMi', 'xuw{Y{9', '컴퓨터학부', 2020346827);
INSERT INTO KNU_USER (Name, UserId, Password, Department, StudentId) VALUES ('한규남', 'EcJHq4', 'a#(DvFD', '전자공학부', 2020661035);
INSERT INTO KNU_USER (Name, UserId, Password, Department, StudentId) VALUES ('엄의가', '0Mehh', '8d,[2hmc0', '컴퓨터학부', 2016566317);
INSERT INTO KNU_USER (Name, UserId, Password, Department, StudentId) VALUES ('조길옥', 'DvLlZGIo', 'dnaskldas', '전자공학부', 2017275939);
INSERT INTO KNU_USER (Name, UserId, Password, Department, StudentId) VALUES ('엄누백', 'WQiZDX', '8#Md,{', '전자공학부', 2019430612);
INSERT INTO KNU_USER (Name, UserId, Password, Department, StudentId) VALUES ('유마솔', 'SEsqELv', 's7-Zz0v#', '전기공학과', 2017905379);
INSERT INTO KNU_USER (Name, UserId, Password, Department, StudentId) VALUES ('최별순', 'zYCo13m', 'cu[eOogPsx', '전기공학과', 2021391602);
INSERT INTO KNU_USER (Name, UserId, Password, Department, StudentId) VALUES ('류근라', 'hiCZ7iid', '＼y.F$eh', '전자공학부', 2021645521);
INSERT INTO KNU_USER (Name, UserId, Password, Department, StudentId) VALUES ('노설이', 'ngkx6oq', 'xgShEB<P＼XS9', '컴퓨터학부', 2020215566);
INSERT INTO KNU_USER (Name, UserId, Password, Department, StudentId) VALUES ('소숭섭', 'JKwyX', '%Fe-7NGNc', '전기공학과', 2015045716);
INSERT INTO KNU_USER (Name, UserId, Password, Department, StudentId) VALUES ('설요누', 'f6OhC', '*q7gcx', '전자공학부', 2015864900);
INSERT INTO KNU_USER (Name, UserId, Password, Department, StudentId) VALUES ('연근요', 'EmGBY', 'p1EyXe,tA<', '전자공학부', 2020540220);
INSERT INTO KNU_USER (Name, UserId, Password, Department, StudentId) VALUES ('연우선', 'w9uEGXMR6', '28E,ikwHZ', '컴퓨터학부', 2016416408);
INSERT INTO KNU_USER (Name, UserId, Password, Department, StudentId) VALUES ('정의두', 'a8I7fmp6', 'Tl.@it＼q', '전자공학부', 2016054801);
INSERT INTO KNU_USER (Name, UserId, Password, Department, StudentId) VALUES ('임승솔', 'I4nWoAf8a', '-T)SUZ-6PWz', '컴퓨터학부', 2017346843);
INSERT INTO KNU_USER (Name, UserId, Password, Department, StudentId) VALUES ('소은나', 'D9gnV9zy7', 'b-\#z{<S@%8', '전기공학과', 2019669511);
INSERT INTO KNU_USER (Name, UserId, Password, Department, StudentId) VALUES ('표유남', 'cF0QIL', 'h?q9XKN.+8Eq', '컴퓨터학부', 2021122902);
INSERT INTO KNU_USER (Name, UserId, Password, Department, StudentId) VALUES ('주영유', 'igdbvd', 'd}$x?gB', '컴퓨터학부', 2019545481);
INSERT INTO KNU_USER (Name, UserId, Password, Department, StudentId) VALUES ('박두범', 'XW7tggPI', '9NNNa~MTMe(H', '컴퓨터학부', 2020396640);
INSERT INTO KNU_USER (Name, UserId, Password, Department, StudentId) VALUES ('왕아민', 'q1mvZ', 'o:~D:JY6', '전기공학과', 2020780751);
INSERT INTO KNU_USER (Name, UserId, Password, Department, StudentId) VALUES ('노은신', 'ugVOXVzo', '.(ELW:I', '전기공학과', 2019489313);
INSERT INTO KNU_USER (Name, UserId, Password, Department, StudentId) VALUES ('천라상', 'Hn8nYgFAU', '5aB@#KR.zW', '전자공학부', 2017507907);
INSERT INTO KNU_USER (Name, UserId, Password, Department, StudentId) VALUES ('방상무', 'dSWqs', '_xW{＼G%', '전자공학부', 2019280768);
INSERT INTO KNU_USER (Name, UserId, Password, Department, StudentId) VALUES ('여병동', 'b6i7yC12f', 'sd1|B\_B', '전자공학부', 2021207520);
INSERT INTO KNU_USER (Name, UserId, Password, Department, StudentId) VALUES ('석아동', 'zfip7J', '0Z,{OqqrD', '전기공학과', 2018262492);
INSERT INTO KNU_USER (Name, UserId, Password, Department, StudentId) VALUES ('윤오래', 'e1Trw2', 'VZ$MFM{M7', '전자공학부', 2018023877);
INSERT INTO KNU_USER (Name, UserId, Password, Department, StudentId) VALUES ('임세엄', 'antMv54L6', '-1y,g\e[$g~U', '전자공학부', 2015058949);
INSERT INTO KNU_USER (Name, UserId, Password, Department, StudentId) VALUES ('여도신', 'zNwhYymHa', 'u7K_$vLNyt', '전자공학부', 2016055974);
INSERT INTO KNU_USER (Name, UserId, Password, Department, StudentId) VALUES ('공마아', 'KbgW3Nf2', 'acg#cc~FR83A', '컴퓨터학부', 2017598032);
INSERT INTO KNU_USER (Name, UserId, Password, Department, StudentId) VALUES ('신월순', 'u858cQ', 'BSO^y＼o', '컴퓨터학부', 2019802426);
INSERT INTO KNU_USER (Name, UserId, Password, Department, StudentId) VALUES ('선광단', '85rp1IYZ', '0NcOMB~', '전기공학과', 2017158905);
INSERT INTO KNU_USER (Name, UserId, Password, Department, StudentId) VALUES ('전애건', '3Wp07ct', 'SCg5]DoQW', '컴퓨터학부', 2015409810);
INSERT INTO KNU_USER (Name, UserId, Password, Department, StudentId) VALUES ('남민리', 'XnOppWOG', 'asdasd546', '컴퓨터학부', 2016482576);
INSERT INTO KNU_USER (Name, UserId, Password, Department, StudentId) VALUES ('김근위', 'geRG8sU3L', '{yNJODq|', '전자공학부', 2020243752);
INSERT INTO KNU_USER (Name, UserId, Password, Department, StudentId) VALUES ('도이병', 'C5MZMhG', 'W]ku7{*HM', '컴퓨터학부', 2015911510);
INSERT INTO KNU_USER (Name, UserId, Password, Department, StudentId) VALUES ('진담서', 'a79PCgVe', 'ygQAN8>0', '전자공학부', 2020419825);
INSERT INTO KNU_USER (Name, UserId, Password, Department, StudentId) VALUES ('나수설', 'v2s8ap', 'Bb%=W,=hD#n', '전기공학과', 2016591348);
INSERT INTO KNU_USER (Name, UserId, Password, Department, StudentId) VALUES ('심건옥', 'TFmJT', '%G3RAM', '전기공학과', 2018830620);
INSERT INTO KNU_USER (Name, UserId, Password, Department, StudentId) VALUES ('구무가', 'T2rhXR', '%wmO,YU{(w', '전자공학부', 2020492972);
INSERT INTO KNU_USER (Name, UserId, Password, Department, StudentId) VALUES ('곽노은', 'nqB7G', '+mpxUhU%A', '전기공학과', 2020422581);
INSERT INTO KNU_USER (Name, UserId, Password, Department, StudentId) VALUES ('변만박', 'CL2NInL', 'GFUkhB', '컴퓨터학부', 2018654765);
INSERT INTO KNU_USER (Name, UserId, Password, Department, StudentId) VALUES ('엄만아', '71KRfvi2r', 'CDGs5Jn＼BQqw', '전자공학부', 2019424267);
INSERT INTO KNU_USER (Name, UserId, Password, Department, StudentId) VALUES ('기용섭', 'rhHtsG', 'Tv#v}Z(2e9', '컴퓨터학부', 2015841485);
INSERT INTO KNU_USER (Name, UserId, Password, Department, StudentId) VALUES ('함노덕', 'ULcOnI', ').omfiMV\)U=', '컴퓨터학부', 2015384704);
INSERT INTO KNU_USER (Name, UserId, Password, Department, StudentId) VALUES ('유무영', 'FQp0rye', 'S>＼FJf]e)o1', '전자공학부', 2016375440);
INSERT INTO KNU_USER (Name, UserId, Password, Department, StudentId) VALUES ('노만달', 'WAbxovWWD', 'h7Q|YXW2Jiz*', '전자공학부', 2017755647);
INSERT INTO KNU_USER (Name, UserId, Password, Department, StudentId) VALUES ('강오요', 'W3eXlMD', 'FY-O-c_B_', '전기공학과', 2019215058);
INSERT INTO KNU_USER (Name, UserId, Password, Department, StudentId) VALUES ('반담영', 'NBCiKZn', '^~CNi+', '전기공학과', 2016691826);
INSERT INTO KNU_USER (Name, UserId, Password, Department, StudentId) VALUES ('우범동', 'ngH6m', 'pKiR9?M', '전기공학과', 2019042042);
INSERT INTO KNU_USER (Name, UserId, Password, Department, StudentId) VALUES ('진백보', 'k9cXDe7n', 'negSR?p5', '컴퓨터학부', 2015512540);
INSERT INTO KNU_USER (Name, UserId, Password, Department, StudentId) VALUES ('명누건', 'ByH4AJKAN', 'PsP5B_u3V', '전기공학과', 2017347153);
INSERT INTO KNU_USER (Name, UserId, Password, Department, StudentId) VALUES ('선유라', '7RERk6h8', 'WF_=+^Z', '전자공학부', 2018187914);
INSERT INTO KNU_USER (Name, UserId, Password, Department, StudentId) VALUES ('홍경엄', 'xLZd07', '6<k@>i*1', '전자공학부', 2016266318);
INSERT INTO KNU_USER (Name, UserId, Password, Department, StudentId) VALUES ('채산안', 'WmOcv', 'eNaZvdxZ_xh?', '전기공학과', 2020793300);
INSERT INTO KNU_USER (Name, UserId, Password, Department, StudentId) VALUES ('차보서', 'qPMIk', 'e7Bt9gEJI96o}', '전자공학부', 2015429292);
INSERT INTO KNU_USER (Name, UserId, Password, Department, StudentId) VALUES ('장연근', 'OVDsNMgFL', 'wrP-\$id', '전자공학부', 2015011246);
INSERT INTO KNU_USER (Name, UserId, Password, Department, StudentId) VALUES ('남담나', 'wkgiFpOJA', '4T}*m%n', '전자공학부', 2021548295);
INSERT INTO KNU_USER (Name, UserId, Password, Department, StudentId) VALUES ('진대병', 'gg7Gh', '@iX?zD', '컴퓨터학부', 2017364652);
INSERT INTO KNU_USER (Name, UserId, Password, Department, StudentId) VALUES ('왕래완', 'J8qMncQ', '<(\h9OB', '전기공학과', 2019620474);
INSERT INTO KNU_USER (Name, UserId, Password, Department, StudentId) VALUES ('유무규', 'RToqWN', 'awr', '컴퓨터학부', 2019604858);
INSERT INTO KNU_USER (Name, UserId, Password, Department, StudentId) VALUES ('변수완', 'kgzOIH0Y', 'h6z_+wX2^', '전기공학과', 2020812508);
INSERT INTO KNU_USER (Name, UserId, Password, Department, StudentId) VALUES ('신원서', 'eJwA85', 'E3r', '전자공학부', 2021455978);
INSERT INTO KNU_USER (Name, UserId, Password, Department, StudentId) VALUES ('함덕라', 'RNw8i7Pe', 'JVueZg,}', '전기공학과', 2015889418);
INSERT INTO KNU_USER (Name, UserId, Password, Department, StudentId) VALUES ('민무유', 'gzTNup', 'I#xVLgbZ0', '컴퓨터학부', 2018941149);
INSERT INTO KNU_USER (Name, UserId, Password, Department, StudentId) VALUES ('노위무', '1PWFO', 'gDWy6>xDnHZ', '컴퓨터학부', 2016235568);
INSERT INTO KNU_USER (Name, UserId, Password, Department, StudentId) VALUES ('전길으', 'UMNB9WGVa', '>$dtdw5HiO', '전자공학부', 2021407395);
INSERT INTO KNU_USER (Name, UserId, Password, Department, StudentId) VALUES ('기래바', '7OtKPgg', 'dhsladas', '컴퓨터학부', 2018689617);
INSERT INTO KNU_USER (Name, UserId, Password, Department, StudentId) VALUES ('변동월', 'pJ5Bg', 'GL{Kck', '전기공학과', 2020802877);
INSERT INTO KNU_USER (Name, UserId, Password, Department, StudentId) VALUES ('신수나', '088uGao', 'EKw]wR0?kw', '전기공학과', 2021718116);
INSERT INTO KNU_USER (Name, UserId, Password, Department, StudentId) VALUES ('강명오', 'PuRB6', 'pikEhip', '컴퓨터학부', 2020684393);
INSERT INTO KNU_USER (Name, UserId, Password, Department, StudentId) VALUES ('백설구', 'Zbi33olP', 'gOvVe~{K,m}', '컴퓨터학부', 2018172265);
INSERT INTO KNU_USER (Name, UserId, Password, Department, StudentId) VALUES ('기선로', 'IhJ0gxb', 'UZm#L', '전기공학과', 2020004336);
INSERT INTO KNU_USER (Name, UserId, Password, Department, StudentId) VALUES ('강용산', 'yrxftWt', 'qmZXpLW4A?', '전기공학과', 2021696845);
INSERT INTO KNU_USER (Name, UserId, Password, Department, StudentId) VALUES ('류구솔', 'yXSRab', 'E:Z+N0', '컴퓨터학부', 2016259951);
INSERT INTO KNU_USER (Name, UserId, Password, Department, StudentId) VALUES ('신용달', 'eC77c3sao', '}S^{olLm3>3[', '전자공학부', 2020466451);
INSERT INTO KNU_USER (Name, UserId, Password, Department, StudentId) VALUES ('함경길', 'imchmFVk', 'dqzE9w(Tv', '전자공학부', 2019353584);
INSERT INTO KNU_USER (Name, UserId, Password, Department, StudentId) VALUES ('변숙마', 'HXorz', 'ZkIbyBG[Vq', '전자공학부', 2015894458);
INSERT INTO KNU_USER (Name, UserId, Password, Department, StudentId) VALUES ('우범영', '75Sqn', 'S-(*MF9%', '컴퓨터학부', 2016109737);
INSERT INTO KNU_USER (Name, UserId, Password, Department, StudentId) VALUES ('여숭범', 'RH7clNH', 'S+uNMw]', '전자공학부', 2018714122);
INSERT INTO KNU_USER (Name, UserId, Password, Department, StudentId) VALUES ('곽서사', 'giSp4Z9mY', 'rGE]L<l', '전자공학부', 2020358032);
INSERT INTO KNU_USER (Name, UserId, Password, Department, StudentId) VALUES ('도강여', 'oHGaw28Bk', '>Z)~oY+~Weid,', '전자공학부', 2021750143);
INSERT INTO KNU_USER (Name, UserId, Password, Department, StudentId) VALUES ('장대성', 'B69hc', 'g63hI3p4', '전자공학부', 2017523749);
INSERT INTO KNU_USER (Name, UserId, Password, Department, StudentId) VALUES ('홍승오', 'zwWVSgbXf', 'sy+YG9.rHP{', '전자공학부', 2020462488);
INSERT INTO KNU_USER (Name, UserId, Password, Department, StudentId) VALUES ('송구순', 'gR3hOl', 'My{vpABs^0', '전기공학과', 2021415548);
INSERT INTO KNU_USER (Name, UserId, Password, Department, StudentId) VALUES ('천엄나', 'hD2Io', '}ZD+p\W', '전기공학과', 2018629332);
INSERT INTO KNU_USER (Name, UserId, Password, Department, StudentId) VALUES ('성승민', 'fHfQ3bv8', 'h}[~{Lta9:Wv', '컴퓨터학부', 2017817645);
INSERT INTO KNU_USER (Name, UserId, Password, Department, StudentId) VALUES ('위강루', 'ieHCh', 'q1f#pi', '컴퓨터학부', 2017157444);

-- Manager Data
INSERT INTO MANAGER VALUES('q8szp5f0aim', 'a3hv120l1o6');
INSERT INTO MANAGER VALUES('t1znlub3c0q', 'emi48qe3a95');
INSERT INTO MANAGER VALUES('zvzruouyg3', 'vkcv7ht3ubg');
INSERT INTO MANAGER VALUES('3fsx76qhgj6', 'u1xz6ivubg');
INSERT INTO MANAGER VALUES('5d6lbyqv16e', '54tkklla0x7');
INSERT INTO MANAGER VALUES('fl6yz4e3f8', 'eachcnd2a0c');
INSERT INTO MANAGER VALUES('hptgcwhaz8a', 'wj7fprnxb9');
INSERT INTO MANAGER VALUES('xwqjk9mb0ye', '7f4otb1wh0d');
INSERT INTO MANAGER VALUES('wd5x1cie90e', 'frhamohbc4r');
INSERT INTO MANAGER VALUES('f3aq1u6pegb', 'ih03t56x69k');
INSERT INTO MANAGER VALUES('0l9vsz2q1lj', '2ro5o1drnk6');
INSERT INTO MANAGER VALUES('3mgrzy7ynxa', 'ngnq3rcfnqc');
INSERT INTO MANAGER VALUES('3onbatwaa72', 'fd20dwukxlb');
INSERT INTO MANAGER VALUES('u1nxgtvt02n', 'tkcutkabzm');
INSERT INTO MANAGER VALUES('etnv7856gy', 'z8v5l9yvprl');
INSERT INTO MANAGER VALUES('1drvwcdpc9a', 'senlmdravs');
INSERT INTO MANAGER VALUES('i3bg83uzrf', 'h41hjimp7i');
INSERT INTO MANAGER VALUES('celfkbp6nfh', 'rul072v8y5q');
INSERT INTO MANAGER VALUES('g9vcx1vkzop', 'fuiganw128');
INSERT INTO MANAGER VALUES('968penrh9f', 'xvyfhzqx5af');
INSERT INTO MANAGER VALUES('b6juintf91i', '34sosn6wbfd');
INSERT INTO MANAGER VALUES('y11d2ldxgzh', 'ttn8tg3evpl');
INSERT INTO MANAGER VALUES('h4wlaxzmvyj', '50sunq5mxw4');
INSERT INTO MANAGER VALUES('gtgieyzpmxd', 'blsfmh2d3tr');
INSERT INTO MANAGER VALUES('hobvtyrsttj', 'l5xsj0tphqa');
INSERT INTO MANAGER VALUES('gi3zbsy9qci', 'ptecth9lnnj');
INSERT INTO MANAGER VALUES('eh21bulc9dh', '8bo69bcu0h');
INSERT INTO MANAGER VALUES('07om8uod87g5', 'viqx6eje3ob');
INSERT INTO MANAGER VALUES('36kdyc1st1k', 'dj9w7jy9nco');
INSERT INTO MANAGER VALUES('kf68j0siyk', 'mxrovlvnehb');
INSERT INTO MANAGER VALUES('4n6mb2n8ks6', '1u86kffyo01');
INSERT INTO MANAGER VALUES('wsknqxbmv27', 'kym7hoehma');
INSERT INTO MANAGER VALUES('94epjuahvld', 'pxrg4rlkr3p');
INSERT INTO MANAGER VALUES('ae7o6846rkp', 'nip2ciz5pds');
INSERT INTO MANAGER VALUES('kttbjq1syt', 'geduv76i4kn');
INSERT INTO MANAGER VALUES('3hynh681x1h', 'p3w2x3cxwmf');
INSERT INTO MANAGER VALUES('16plja2bxqi', 'ad9gbjqdkt');
INSERT INTO MANAGER VALUES('frafwdkldh', 'yl9f8uv1qxg');
INSERT INTO MANAGER VALUES('buhkfzsgimm', 'j3e6moa55v');
INSERT INTO MANAGER VALUES('icnbm8he6q', '58rvekvqmlu');
INSERT INTO MANAGER VALUES('cu692z0ggom', 'iwd5jdjg4vp');
INSERT INTO MANAGER VALUES('wnj6y570rok', 'gxvhn4r1q4');
INSERT INTO MANAGER VALUES('a2c4fgby03', 'oisvh9qfqm');
INSERT INTO MANAGER VALUES('sl6w9zhrkj', 'ln3vpflm43j');
INSERT INTO MANAGER VALUES('mun7ipbf5x', 'a09cw1q5zb');
INSERT INTO MANAGER VALUES('q6iuofeevzr', 'teqjsrnb8de');
INSERT INTO MANAGER VALUES('71azp2vwew6', 'mipxhts2di');
INSERT INTO MANAGER VALUES('1ux0io16cb9', 'la3t7vdjsn');
INSERT INTO MANAGER VALUES('4h2tvn2f8qo', '1eewqnve375');
INSERT INTO MANAGER VALUES('bhw2uk2fk6l', 'atdlbtsden5');
INSERT INTO MANAGER VALUES('emfoxt17q7t', 'v6h7odygmhg');
INSERT INTO MANAGER VALUES('8evx5d10f1k', 'q4pspc4fe');
INSERT INTO MANAGER VALUES('i3xyjbijk4', 'qbe2ehhyd6m');
INSERT INTO MANAGER VALUES('nbgeohrd3rd', 'uhjk2wjlslg');
INSERT INTO MANAGER VALUES('tgwrcpy6p5', 'dc1axht0e2k');
INSERT INTO MANAGER VALUES('t51pywbp3bk', 'nk7q32vjor');
INSERT INTO MANAGER VALUES('g3l5a8jmiet', '4lq8mcl7jkb');
INSERT INTO MANAGER VALUES('ioqiei8wqck', 'kpq89o7k1dk');
INSERT INTO MANAGER VALUES('anyolj5frd', '8u1ttb3l3ch');
INSERT INTO MANAGER VALUES('8bj3f7xt6go', '13wp9nv3xo4');
INSERT INTO MANAGER VALUES('p0338cmrrk', '04nb1dtkqlz7');
INSERT INTO MANAGER VALUES('y90007rg86', '24gf5x3im5u');
INSERT INTO MANAGER VALUES('gfsla9g1cvf', 'frn6uaj0m6');
INSERT INTO MANAGER VALUES('pmirbanvj6o', 'tz45wnbi2ec');
INSERT INTO MANAGER VALUES('n3xap2nght', '7pja0qs04ei');
INSERT INTO MANAGER VALUES('8pl7hx1tqem', '5qipzsf9gzt');
INSERT INTO MANAGER VALUES('k7rpmaisa8n', 'e7t1th8olnt');
INSERT INTO MANAGER VALUES('sdtdwxfnw7i', 'mmqb3m7ijk');
INSERT INTO MANAGER VALUES('x87x2y04nor', 'xi3lfabred');
INSERT INTO MANAGER VALUES('85myn5xuz4w', 'ex1cfj86zuu');
INSERT INTO MANAGER VALUES('gast2l87isc', 'p5clthfnha');
INSERT INTO MANAGER VALUES('6li1fxlhjsy', '35hc1gmqkax');
INSERT INTO MANAGER VALUES('sx7jvn39fn', 'qlsxgvez6');
INSERT INTO MANAGER VALUES('gai6mgvtiii', 'rlvjnwgo32q');
INSERT INTO MANAGER VALUES('ad0btxv6qhf', 'pieelzutoy');
INSERT INTO MANAGER VALUES('92og0fmk13p', 'rcspuhzjzcc');
INSERT INTO MANAGER VALUES('h1syi3r165f', '8sonyqnp187');
INSERT INTO MANAGER VALUES('93gf59wffw', 'vmqkqy63tb');
INSERT INTO MANAGER VALUES('z7n23kl8ow', 'vv39s6ojx18');
INSERT INTO MANAGER VALUES('hlvei6zjrcu', 'qy0n1ty5y58');
INSERT INTO MANAGER VALUES('quqfjq2l06', '2zdh7idnclo');
INSERT INTO MANAGER VALUES('21e5n3oc80cj', 'djs8kemv5ga');
INSERT INTO MANAGER VALUES('y2n2o1tibl9', 'cevr979burd');
INSERT INTO MANAGER VALUES('uyaat46kcbg', '6wobpbk0iyh');
INSERT INTO MANAGER VALUES('2856dhk5wn6', '1cf7gf15nsu');
INSERT INTO MANAGER VALUES('zkowgkkzsg', 'oqq0po7hgsr');
INSERT INTO MANAGER VALUES('w7zhefy580j', '5jr8agetosr');
INSERT INTO MANAGER VALUES('4s1v4xe53t4', '9csm9dp9qam');
INSERT INTO MANAGER VALUES('vcj3tqcm3z', 'l9ometj3tej');
INSERT INTO MANAGER VALUES('jhqx98lmzu', 'ucjr7m3g5l');
INSERT INTO MANAGER VALUES('rvqvx3nyy6q', 'voes3hibsy9');
INSERT INTO MANAGER VALUES('cpu4nfnxwil', 'wv9wsuq4ono');
INSERT INTO MANAGER VALUES('sogpg841h1p', '25jmct2uu5a');
INSERT INTO MANAGER VALUES('xafrosigzq', 'abao2kxzpde');
INSERT INTO MANAGER VALUES('uiqngib3gw', '0z2g3zbpu8i8');
INSERT INTO MANAGER VALUES('hzyr7gyd1vn', 'nc5j9chwijq');
INSERT INTO MANAGER VALUES('m9y02hs6k9', 'pqgxnwb4z5q');
INSERT INTO MANAGER VALUES('6ap2q91043g', '3mfm2fcdd2p');
INSERT INTO MANAGER VALUES('w5synva1pyb', '7ujjpy0jeik');
INSERT INTO MANAGER VALUES('t0qixchhgc', '331kd1f8m03');

-- Room Data
INSERT INTO ROOM VALUES(101, 'Large', 5);
INSERT INTO ROOM VALUES(104, 'Lab', 6);
INSERT INTO ROOM VALUES(106, 'Large', 5);
INSERT INTO ROOM VALUES(107, 'Normal', 5);
INSERT INTO ROOM VALUES(108, 'Lab', 8);
INSERT INTO ROOM VALUES(109, 'Lab', 5);
INSERT INTO ROOM VALUES(110, 'Large', 8);
INSERT INTO ROOM VALUES(116, 'Large', 7);
INSERT INTO ROOM VALUES(117, 'Lab', 6);
INSERT INTO ROOM VALUES(118, 'Normal', 7);
INSERT INTO ROOM VALUES(123, 'Normal', 7);
INSERT INTO ROOM VALUES(133, 'Large', 5);
INSERT INTO ROOM VALUES(136, 'Lab', 7);
INSERT INTO ROOM VALUES(139, 'Normal', 5);
INSERT INTO ROOM VALUES(145, 'Large', 8);
INSERT INTO ROOM VALUES(146, 'Large', 7);
INSERT INTO ROOM VALUES(149, 'Normal', 4);
INSERT INTO ROOM VALUES(150, 'Lab', 6);
INSERT INTO ROOM VALUES(155, 'Normal', 6);
INSERT INTO ROOM VALUES(157, 'Lab', 5);
INSERT INTO ROOM VALUES(160, 'Lab', 6);
INSERT INTO ROOM VALUES(162, 'Large', 7);
INSERT INTO ROOM VALUES(163, 'Large', 6);
INSERT INTO ROOM VALUES(168, 'Large', 7);
INSERT INTO ROOM VALUES(174, 'Large', 5);
INSERT INTO ROOM VALUES(181, 'Large', 4);
INSERT INTO ROOM VALUES(184, 'Lab', 4);
INSERT INTO ROOM VALUES(185, 'Normal', 6);
INSERT INTO ROOM VALUES(200, 'Normal', 8);
INSERT INTO ROOM VALUES(202, 'Normal', 7);
INSERT INTO ROOM VALUES(203, 'Lab', 6);
INSERT INTO ROOM VALUES(204, 'Normal', 8);
INSERT INTO ROOM VALUES(207, 'Lab', 6);
INSERT INTO ROOM VALUES(208, 'Normal', 8);
INSERT INTO ROOM VALUES(211, 'Lab', 6);
INSERT INTO ROOM VALUES(213, 'Lab', 6);
INSERT INTO ROOM VALUES(216, 'Large', 7);
INSERT INTO ROOM VALUES(221, 'Normal', 5);
INSERT INTO ROOM VALUES(223, 'Large', 7);
INSERT INTO ROOM VALUES(225, 'Lab', 7);
INSERT INTO ROOM VALUES(230, 'Large', 8);
INSERT INTO ROOM VALUES(231, 'Lab', 7);
INSERT INTO ROOM VALUES(233, 'Large', 4);
INSERT INTO ROOM VALUES(234, 'Normal', 7);
INSERT INTO ROOM VALUES(242, 'Lab', 6);
INSERT INTO ROOM VALUES(243, 'Normal', 5);
INSERT INTO ROOM VALUES(253, 'Lab', 7);
INSERT INTO ROOM VALUES(254, 'Large', 6);
INSERT INTO ROOM VALUES(258, 'Large', 8);
INSERT INTO ROOM VALUES(259, 'Large', 4);
INSERT INTO ROOM VALUES(260, 'Large', 8);
INSERT INTO ROOM VALUES(267, 'Normal', 7);
INSERT INTO ROOM VALUES(268, 'Lab', 6);
INSERT INTO ROOM VALUES(269, 'Normal', 4);
INSERT INTO ROOM VALUES(272, 'Lab', 6);
INSERT INTO ROOM VALUES(280, 'Lab', 6);
INSERT INTO ROOM VALUES(296, 'Large', 5);
INSERT INTO ROOM VALUES(304, 'Large', 4);
INSERT INTO ROOM VALUES(305, 'Large', 8);
INSERT INTO ROOM VALUES(315, 'Normal', 7);
INSERT INTO ROOM VALUES(320, 'Lab', 8);
INSERT INTO ROOM VALUES(325, 'Normal', 7);
INSERT INTO ROOM VALUES(327, 'Normal', 4);
INSERT INTO ROOM VALUES(331, 'Large', 4);
INSERT INTO ROOM VALUES(334, 'Normal', 4);
INSERT INTO ROOM VALUES(335, 'Large', 7);
INSERT INTO ROOM VALUES(336, 'Large', 5);
INSERT INTO ROOM VALUES(337, 'Lab', 5);
INSERT INTO ROOM VALUES(339, 'Large', 7);
INSERT INTO ROOM VALUES(343, 'Lab', 7);
INSERT INTO ROOM VALUES(344, 'Large', 4);
INSERT INTO ROOM VALUES(347, 'Large', 6);
INSERT INTO ROOM VALUES(350, 'Lab', 5);
INSERT INTO ROOM VALUES(351, 'Large', 6);
INSERT INTO ROOM VALUES(352, 'Normal', 4);
INSERT INTO ROOM VALUES(374, 'Lab', 8);
INSERT INTO ROOM VALUES(375, 'Large', 7);
INSERT INTO ROOM VALUES(376, 'Normal', 6);
INSERT INTO ROOM VALUES(382, 'Lab', 5);
INSERT INTO ROOM VALUES(385, 'Normal', 8);
INSERT INTO ROOM VALUES(391, 'Large', 5);
INSERT INTO ROOM VALUES(392, 'Lab', 8);
INSERT INTO ROOM VALUES(393, 'Large', 8);
INSERT INTO ROOM VALUES(400, 'Large', 7);
INSERT INTO ROOM VALUES(402, 'Normal', 7);
INSERT INTO ROOM VALUES(403, 'Large', 7);
INSERT INTO ROOM VALUES(408, 'Normal', 5);
INSERT INTO ROOM VALUES(413, 'Lab', 4);
INSERT INTO ROOM VALUES(414, 'Lab', 8);
INSERT INTO ROOM VALUES(422, 'Normal', 6);
INSERT INTO ROOM VALUES(427, 'Lab', 5);
INSERT INTO ROOM VALUES(428, 'Lab', 4);
INSERT INTO ROOM VALUES(429, 'Large', 4);
INSERT INTO ROOM VALUES(430, 'Lab', 6);
INSERT INTO ROOM VALUES(433, 'Lab', 4);
INSERT INTO ROOM VALUES(434, 'Lab', 7);
INSERT INTO ROOM VALUES(439, 'Normal', 6);
INSERT INTO ROOM VALUES(443, 'Lab', 4);
INSERT INTO ROOM VALUES(444, 'Lab', 5);
INSERT INTO ROOM VALUES(445, 'Lab', 6);

-- Notice Data  
INSERT INTO NOTICE VALUES('q8szp5f0aim', 1, '강의실 이용 주의사항', '1.일회용 컵은 내용물을 비운 뒤 쓰레기통에 버리기 2.강의실 내 음료를 제외한 취식 금지 3.분리수거 하기 4.쓰레기 막 버리지 않기', TO_DATE('2016-01-01 14:31:46', 'YYYY-MM-DD HH24:MI:SS'));
INSERT INTO NOTICE VALUES('t1znlub3c0q', 2, '코로나19로 인한 강의실 통제', '코로나19 확진자 방문으로 인해 6월 3일 본건물 출입을 통제합니다.', TO_DATE('2016-01-19 08:46:14', 'YYYY-MM-DD HH24:MI:SS'));
INSERT INTO NOTICE VALUES('zvzruouyg3', 3, '강의실 이용 주의사항', '1.일회용 컵은 내용물을 비운 뒤 쓰레기통에 버리기 2.강의실 내 음료를 제외한 취식 금지 3.분리수거 하기 4.쓰레기 막 버리지 않기', TO_DATE('2016-01-28 22:50:53', 'YYYY-MM-DD HH24:MI:SS'));
INSERT INTO NOTICE VALUES('3fsx76qhgj6', 4, '건물 리모델링으로 인한 임시 폐쇄', '본 건물 리모델링으로 2013년 4월까지 이용 불가합니다.', TO_DATE('2016-02-06 13:23:10', 'YYYY-MM-DD HH24:MI:SS'));
INSERT INTO NOTICE VALUES('5d6lbyqv16e', 5, '건물 리모델링으로 인한 임시 폐쇄', '본 건물 리모델링으로 2013년 4월까지 이용 불가합니다.', TO_DATE('2016-03-17 14:28:39', 'YYYY-MM-DD HH24:MI:SS'));
INSERT INTO NOTICE VALUES('q8szp5f0aim', 6, '건물 리모델링으로 인한 임시 폐쇄', '본 건물 리모델링으로 2013년 4월까지 이용 불가합니다.', TO_DATE('2016-04-02 13:50:54', 'YYYY-MM-DD HH24:MI:SS'));
INSERT INTO NOTICE VALUES('zvzruouyg3', 7, '건물 리모델링으로 인한 임시 폐쇄', '본 건물 리모델링으로 2013년 4월까지 이용 불가합니다.', TO_DATE('2016-04-03 00:22:29', 'YYYY-MM-DD HH24:MI:SS'));
INSERT INTO NOTICE VALUES('zvzruouyg3', 8, '건물 리모델링으로 인한 임시 폐쇄', '본 건물 리모델링으로 2013년 4월까지 이용 불가합니다.', TO_DATE('2016-04-08 21:06:30', 'YYYY-MM-DD HH24:MI:SS'));
INSERT INTO NOTICE VALUES('wd5x1cie90e', 9, '강의실 이용 주의사항', '1.일회용 컵은 내용물을 비운 뒤 쓰레기통에 버리기 2.강의실 내 음료를 제외한 취식 금지 3.분리수거 하기 4.쓰레기 막 버리지 않기', TO_DATE('2016-05-06 04:38:45', 'YYYY-MM-DD HH24:MI:SS'));
INSERT INTO NOTICE VALUES('f3aq1u6pegb', 10, '건물 리모델링으로 인한 임시 폐쇄', '본 건물 리모델링으로 2013년 4월까지 이용 불가합니다.', TO_DATE('2016-05-07 21:18:20', 'YYYY-MM-DD HH24:MI:SS'));
INSERT INTO NOTICE VALUES('q8szp5f0aim', 11, '건물 리모델링으로 인한 임시 폐쇄', '본 건물 리모델링으로 2013년 4월까지 이용 불가합니다.', TO_DATE('2016-06-01 21:44:38', 'YYYY-MM-DD HH24:MI:SS'));
INSERT INTO NOTICE VALUES('q8szp5f0aim', 12, '건물 리모델링으로 인한 임시 폐쇄', '본 건물 리모델링으로 2013년 4월까지 이용 불가합니다.', TO_DATE('2016-06-18 21:04:11', 'YYYY-MM-DD HH24:MI:SS'));
INSERT INTO NOTICE VALUES('3onbatwaa72', 13, '건물 리모델링으로 인한 임시 폐쇄', '본 건물 리모델링으로 2013년 4월까지 이용 불가합니다.', TO_DATE('2016-06-23 21:15:39', 'YYYY-MM-DD HH24:MI:SS'));
INSERT INTO NOTICE VALUES('wd5x1cie90e', 14, '건물 리모델링으로 인한 임시 폐쇄', '본 건물 리모델링으로 2013년 4월까지 이용 불가합니다.', TO_DATE('2016-07-14 13:42:35', 'YYYY-MM-DD HH24:MI:SS'));
INSERT INTO NOTICE VALUES('wd5x1cie90e', 15, '강의실 이용 주의사항', '1.일회용 컵은 내용물을 비운 뒤 쓰레기통에 버리기 2.강의실 내 음료를 제외한 취식 금지 3.분리수거 하기 4.쓰레기 막 버리지 않기', TO_DATE('2016-08-11 12:31:28', 'YYYY-MM-DD HH24:MI:SS'));
INSERT INTO NOTICE VALUES('wd5x1cie90e', 16, '강의실 이용 주의사항', '1.일회용 컵은 내용물을 비운 뒤 쓰레기통에 버리기 2.강의실 내 음료를 제외한 취식 금지 3.분리수거 하기 4.쓰레기 막 버리지 않기', TO_DATE('2016-08-17 15:47:22', 'YYYY-MM-DD HH24:MI:SS'));
INSERT INTO NOTICE VALUES('wd5x1cie90e', 17, '강의실 이용 주의사항', '1.일회용 컵은 내용물을 비운 뒤 쓰레기통에 버리기 2.강의실 내 음료를 제외한 취식 금지 3.분리수거 하기 4.쓰레기 막 버리지 않기', TO_DATE('2016-10-09 05:33:11', 'YYYY-MM-DD HH24:MI:SS'));
INSERT INTO NOTICE VALUES('wd5x1cie90e', 18, '강의실 이용 주의사항', '1.일회용 컵은 내용물을 비운 뒤 쓰레기통에 버리기 2.강의실 내 음료를 제외한 취식 금지 3.분리수거 하기 4.쓰레기 막 버리지 않기', TO_DATE('2016-11-01 05:26:42', 'YYYY-MM-DD HH24:MI:SS'));
INSERT INTO NOTICE VALUES('g9vcx1vkzop', 19, '강의실 이용 주의사항', '1.일회용 컵은 내용물을 비운 뒤 쓰레기통에 버리기 2.강의실 내 음료를 제외한 취식 금지 3.분리수거 하기 4.쓰레기 막 버리지 않기', TO_DATE('2016-11-03 17:50:50', 'YYYY-MM-DD HH24:MI:SS'));
INSERT INTO NOTICE VALUES('968penrh9f', 20, '강의실 이용 주의사항', '1.일회용 컵은 내용물을 비운 뒤 쓰레기통에 버리기 2.강의실 내 음료를 제외한 취식 금지 3.분리수거 하기 4.쓰레기 막 버리지 않기', TO_DATE('2016-11-05 23:55:55', 'YYYY-MM-DD HH24:MI:SS'));
INSERT INTO NOTICE VALUES('b6juintf91i', 21, '강의실 이용 주의사항', '1.일회용 컵은 내용물을 비운 뒤 쓰레기통에 버리기 2.강의실 내 음료를 제외한 취식 금지 3.분리수거 하기 4.쓰레기 막 버리지 않기', TO_DATE('2016-11-24 08:50:34', 'YYYY-MM-DD HH24:MI:SS'));
INSERT INTO NOTICE VALUES('y11d2ldxgzh', 22, '강의실 이용 주의사항', '1.일회용 컵은 내용물을 비운 뒤 쓰레기통에 버리기 2.강의실 내 음료를 제외한 취식 금지 3.분리수거 하기 4.쓰레기 막 버리지 않기', TO_DATE('2016-11-29 21:50:55', 'YYYY-MM-DD HH24:MI:SS'));
INSERT INTO NOTICE VALUES('4n6mb2n8ks6', 23, '코로나19로 인한 강의실 통제', '코로나19 집단 감염으로 11월~12월 두 달간 본 건물을 폐쇄합니다.', TO_DATE('2017-01-02 05:23:29', 'YYYY-MM-DD HH24:MI:SS'));
INSERT INTO NOTICE VALUES('4n6mb2n8ks6', 24, '코로나19로 인한 강의실 통제', '코로나19 집단 감염으로 11월~12월 두 달간 본 건물을 폐쇄합니다.', TO_DATE('2017-01-02 15:09:16', 'YYYY-MM-DD HH24:MI:SS'));
INSERT INTO NOTICE VALUES('4n6mb2n8ks6', 25, '코로나19로 인한 강의실 통제', '코로나19 집단 감염으로 11월~12월 두 달간 본 건물을 폐쇄합니다.', TO_DATE('2017-01-30 02:54:12', 'YYYY-MM-DD HH24:MI:SS'));
INSERT INTO NOTICE VALUES('4n6mb2n8ks6', 26, '강의실 이용 주의사항', '강의실 내부에서 취식은 절대 불가입니다. 어길 시 앞으로 강의실을 이용하실 수 없습니다.', TO_DATE('2017-02-02 07:13:43', 'YYYY-MM-DD HH24:MI:SS'));
INSERT INTO NOTICE VALUES('4n6mb2n8ks6', 27, '강의실 이용 주의사항', '강의실 내부에서 취식은 절대 불가입니다. 어길 시 앞으로 강의실을 이용하실 수 없습니다.', TO_DATE('2017-02-09 17:31:25', 'YYYY-MM-DD HH24:MI:SS'));
INSERT INTO NOTICE VALUES('4n6mb2n8ks6', 28, '강의실 이용 주의사항', '강의실 내부에서 취식은 절대 불가입니다. 어길 시 앞으로 강의실을 이용하실 수 없습니다.', TO_DATE('2017-03-09 09:50:11', 'YYYY-MM-DD HH24:MI:SS'));
INSERT INTO NOTICE VALUES('36kdyc1st1k', 29, '강의실 이용 주의사항', '강의실 내부에서 취식은 절대 불가입니다. 어길 시 앞으로 강의실을 이용하실 수 없습니다.', TO_DATE('2017-03-15 06:10:32', 'YYYY-MM-DD HH24:MI:SS'));
INSERT INTO NOTICE VALUES('kf68j0siyk', 30, '강의실 이용 주의사항', '1.일회용 컵은 내용물을 비운 뒤 쓰레기통에 버리기 2.강의실 내 음료를 제외한 취식 금지 3.분리수거 하기 4.쓰레기 막 버리지 않기', TO_DATE('2017-03-26 04:12:17', 'YYYY-MM-DD HH24:MI:SS'));
INSERT INTO NOTICE VALUES('4n6mb2n8ks6', 31, '코로나19 사회적 거리두기', '코로나19 사회적 거리두기를 지킵시다! 마스크 착용를 생활화합시다! 마스크 미착용시 본 건물에 출입하실 수 없습니다.', TO_DATE('2017-04-24 13:22:02', 'YYYY-MM-DD HH24:MI:SS'));
INSERT INTO NOTICE VALUES('wsknqxbmv27', 32, '코로나19 사회적 거리두기', '코로나19 사회적 거리두기를 지킵시다! 마스크 착용를 생활화합시다! 마스크 미착용시 본 건물에 출입하실 수 없습니다.', TO_DATE('2017-04-24 20:17:24', 'YYYY-MM-DD HH24:MI:SS'));
INSERT INTO NOTICE VALUES('94epjuahvld', 33, '강의실 이용 주의사항', '강의실 내부에서 취식은 절대 불가입니다. 어길 시 앞으로 강의실을 이용하실 수 없습니다.', TO_DATE('2017-04-27 12:18:44', 'YYYY-MM-DD HH24:MI:SS'));
INSERT INTO NOTICE VALUES('ae7o6846rkp', 34, '코로나19 사회적 거리두기', '코로나19 사회적 거리두기를 지킵시다! 마스크 착용를 생활화합시다! 마스크 미착용시 본 건물에 출입하실 수 없습니다.', TO_DATE('2017-05-21 00:12:11', 'YYYY-MM-DD HH24:MI:SS'));
INSERT INTO NOTICE VALUES('kttbjq1syt', 35, '강의실 이용 주의사항', '강의실 내부에서 취식은 절대 불가입니다. 어길 시 앞으로 강의실을 이용하실 수 없습니다.', TO_DATE('2017-05-27 00:38:57', 'YYYY-MM-DD HH24:MI:SS'));
INSERT INTO NOTICE VALUES('q8szp5f0aim', 36, '강의실 이용 주의사항', '1.일회용 컵은 내용물을 비운 뒤 쓰레기통에 버리기 2.강의실 내 음료를 제외한 취식 금지 3.분리수거 하기 4.쓰레기 막 버리지 않기', TO_DATE('2017-06-28 23:04:51', 'YYYY-MM-DD HH24:MI:SS'));
INSERT INTO NOTICE VALUES('16plja2bxqi', 37, '코로나19 사회적 거리두기', '코로나19 사회적 거리두기를 지킵시다! 마스크 착용를 생활화합시다! 마스크 미착용시 본 건물에 출입하실 수 없습니다.', TO_DATE('2017-08-07 11:45:27', 'YYYY-MM-DD HH24:MI:SS'));
INSERT INTO NOTICE VALUES('frafwdkldh', 38, '코로나19 사회적 거리두기', '코로나19 사회적 거리두기를 지킵시다! 마스크 착용를 생활화합시다! 마스크 미착용시 본 건물에 출입하실 수 없습니다.', TO_DATE('2017-08-14 03:25:52', 'YYYY-MM-DD HH24:MI:SS'));
INSERT INTO NOTICE VALUES('buhkfzsgimm', 39, '강의실 이용 주의사항', '강의실 내부에서 취식은 절대 불가입니다. 어길 시 앞으로 강의실을 이용하실 수 없습니다.', TO_DATE('2017-08-26 15:32:19', 'YYYY-MM-DD HH24:MI:SS'));
INSERT INTO NOTICE VALUES('icnbm8he6q', 40, '강의실 이용 주의사항', '강의실 내부에서 취식은 절대 불가입니다. 어길 시 앞으로 강의실을 이용하실 수 없습니다.', TO_DATE('2017-08-28 12:11:28', 'YYYY-MM-DD HH24:MI:SS'));
INSERT INTO NOTICE VALUES('cu692z0ggom', 41, '코로나19 사회적 거리두기', '코로나19 사회적 거리두기를 지킵시다! 마스크 착용를 생활화합시다! 마스크 미착용시 본 건물에 출입하실 수 없습니다.', TO_DATE('2017-10-10 16:36:49', 'YYYY-MM-DD HH24:MI:SS'));
INSERT INTO NOTICE VALUES('wnj6y570rok', 42, '코로나19 사회적 거리두기', '코로나19 사회적 거리두기를 지킵시다! 마스크 착용를 생활화합시다! 마스크 미착용시 본 건물에 출입하실 수 없습니다.', TO_DATE('2017-11-22 17:17:35', 'YYYY-MM-DD HH24:MI:SS'));
INSERT INTO NOTICE VALUES('a2c4fgby03', 43, '강의실 이용 주의사항', '강의실 내부에서 취식은 절대 불가입니다. 어길 시 앞으로 강의실을 이용하실 수 없습니다.', TO_DATE('2017-11-23 20:34:24', 'YYYY-MM-DD HH24:MI:SS'));
INSERT INTO NOTICE VALUES('sl6w9zhrkj', 44, '강의실 이용 주의사항', '강의실 내부에서 취식은 절대 불가입니다. 어길 시 앞으로 강의실을 이용하실 수 없습니다.', TO_DATE('2017-12-03 10:16:27', 'YYYY-MM-DD HH24:MI:SS'));
INSERT INTO NOTICE VALUES('mun7ipbf5x', 45, '강의실 이용 주의사항', '1.일회용 컵은 내용물을 비운 뒤 쓰레기통에 버리기 2.강의실 내 음료를 제외한 취식 금지 3.분리수거 하기 4.쓰레기 막 버리지 않기', TO_DATE('2018-01-01 05:25:28', 'YYYY-MM-DD HH24:MI:SS'));
INSERT INTO NOTICE VALUES('q6iuofeevzr', 46, '코로나19 사회적 거리두기', '코로나19 사회적 거리두기를 지킵시다! 마스크 착용를 생활화합시다! 마스크 미착용시 본 건물에 출입하실 수 없습니다.', TO_DATE('2018-02-01 05:37:34', 'YYYY-MM-DD HH24:MI:SS'));
INSERT INTO NOTICE VALUES('71azp2vwew6', 47, '강의실 이용 주의사항', '강의실 내부에서 취식은 절대 불가입니다. 어길 시 앞으로 강의실을 이용하실 수 없습니다.', TO_DATE('2018-02-02 08:20:50', 'YYYY-MM-DD HH24:MI:SS'));
INSERT INTO NOTICE VALUES('1ux0io16cb9', 48, '코로나19 사회적 거리두기', '코로나19 사회적 거리두기를 지킵시다! 마스크 착용를 생활화합시다! 마스크 미착용시 본 건물에 출입하실 수 없습니다.', TO_DATE('2018-03-27 17:40:52', 'YYYY-MM-DD HH24:MI:SS'));
INSERT INTO NOTICE VALUES('4h2tvn2f8qo', 49, '코로나19 사회적 거리두기', '코로나19 사회적 거리두기를 지킵시다! 마스크 착용를 생활화합시다! 마스크 미착용시 본 건물에 출입하실 수 없습니다.', TO_DATE('2018-04-05 05:54:49', 'YYYY-MM-DD HH24:MI:SS'));
INSERT INTO NOTICE VALUES('bhw2uk2fk6l', 50, '강의실 이용 주의사항', '강의실 내부에서 취식은 절대 불가입니다. 어길 시 앞으로 강의실을 이용하실 수 없습니다.', TO_DATE('2018-04-21 21:14:00', 'YYYY-MM-DD HH24:MI:SS'));
INSERT INTO NOTICE VALUES('emfoxt17q7t', 51, '코로나19 사회적 거리두기', '코로나19 사회적 거리두기를 지킵시다! 마스크 착용를 생활화합시다! 마스크 미착용시 본 건물에 출입하실 수 없습니다.', TO_DATE('2018-05-25 22:51:41', 'YYYY-MM-DD HH24:MI:SS'));
INSERT INTO NOTICE VALUES('8evx5d10f1k', 52, '강의실 이용 주의사항', '1.일회용 컵은 내용물을 비운 뒤 쓰레기통에 버리기 2.강의실 내 음료를 제외한 취식 금지 3.분리수거 하기 4.쓰레기 막 버리지 않기', TO_DATE('2018-06-02 09:09:42', 'YYYY-MM-DD HH24:MI:SS'));
INSERT INTO NOTICE VALUES('i3xyjbijk4', 53, '코로나19 사회적 거리두기', '코로나19 사회적 거리두기를 지킵시다! 마스크 착용를 생활화합시다! 마스크 미착용시 본 건물에 출입하실 수 없습니다.', TO_DATE('2018-07-04 18:09:23', 'YYYY-MM-DD HH24:MI:SS'));
INSERT INTO NOTICE VALUES('nbgeohrd3rd', 54, '강의실 이용 주의사항', '강의실 내부에서 취식은 절대 불가입니다. 어길 시 앞으로 강의실을 이용하실 수 없습니다.', TO_DATE('2018-08-05 16:48:13', 'YYYY-MM-DD HH24:MI:SS'));
INSERT INTO NOTICE VALUES('tgwrcpy6p5', 55, '코로나19 사회적 거리두기', '코로나19 사회적 거리두기를 지킵시다! 마스크 착용를 생활화합시다! 마스크 미착용시 본 건물에 출입하실 수 없습니다.', TO_DATE('2018-08-20 14:30:30', 'YYYY-MM-DD HH24:MI:SS'));
INSERT INTO NOTICE VALUES('q6iuofeevzr', 56, '강의실 이용 주의사항', '강의실 내부에서 취식은 절대 불가입니다. 어길 시 앞으로 강의실을 이용하실 수 없습니다.', TO_DATE('2018-08-23 21:40:11', 'YYYY-MM-DD HH24:MI:SS'));
INSERT INTO NOTICE VALUES('q6iuofeevzr', 57, '강의실 이용 주의사항', '강의실 내부에서 취식은 절대 불가입니다. 어길 시 앞으로 강의실을 이용하실 수 없습니다.', TO_DATE('2018-09-16 21:21:23', 'YYYY-MM-DD HH24:MI:SS'));
INSERT INTO NOTICE VALUES('q6iuofeevzr', 58, '코로나19 사회적 거리두기', '코로나19 사회적 거리두기를 지킵시다! 마스크 착용를 생활화합시다! 마스크 미착용시 본 건물에 출입하실 수 없습니다.', TO_DATE('2018-10-08 09:00:53', 'YYYY-MM-DD HH24:MI:SS'));
INSERT INTO NOTICE VALUES('q6iuofeevzr', 59, '강의실 이용 주의사항', '1.일회용 컵은 내용물을 비운 뒤 쓰레기통에 버리기 2.강의실 내 음료를 제외한 취식 금지 3.분리수거 하기 4.쓰레기 막 버리지 않기', TO_DATE('2018-11-05 04:56:57', 'YYYY-MM-DD HH24:MI:SS'));
INSERT INTO NOTICE VALUES('8bj3f7xt6go', 60, '코로나19 사회적 거리두기', '코로나19 사회적 거리두기를 지킵시다! 마스크 착용를 생활화합시다! 마스크 미착용시 본 건물에 출입하실 수 없습니다.', TO_DATE('2018-12-08 22:06:12', 'YYYY-MM-DD HH24:MI:SS'));
INSERT INTO NOTICE VALUES('p0338cmrrk', 61, '강의실 이용 주의사항', '강의실 내부에서 취식은 절대 불가입니다. 어길 시 앞으로 강의실을 이용하실 수 없습니다.', TO_DATE('2019-01-12 03:43:19', 'YYYY-MM-DD HH24:MI:SS'));
INSERT INTO NOTICE VALUES('y90007rg86', 62, '강의실 이용 주의사항', '강의실 내부에서 취식은 절대 불가입니다. 어길 시 앞으로 강의실을 이용하실 수 없습니다.', TO_DATE('2019-01-22 20:43:33', 'YYYY-MM-DD HH24:MI:SS'));
INSERT INTO NOTICE VALUES('gfsla9g1cvf', 63, '강의실 이용 주의사항', '강의실 내부에서 취식은 절대 불가입니다. 어길 시 앞으로 강의실을 이용하실 수 없습니다.', TO_DATE('2019-01-26 19:34:29', 'YYYY-MM-DD HH24:MI:SS'));
INSERT INTO NOTICE VALUES('71azp2vwew6', 64, '코로나19 사회적 거리두기', '코로나19 사회적 거리두기를 지킵시다! 마스크 착용를 생활화합시다! 마스크 미착용시 본 건물에 출입하실 수 없습니다.', TO_DATE('2019-01-29 11:39:34', 'YYYY-MM-DD HH24:MI:SS'));
INSERT INTO NOTICE VALUES('71azp2vwew6', 65, '코로나19 사회적 거리두기', '코로나19 사회적 거리두기를 지킵시다! 마스크 착용를 생활화합시다! 마스크 미착용시 본 건물에 출입하실 수 없습니다.', TO_DATE('2019-01-31 05:51:02', 'YYYY-MM-DD HH24:MI:SS'));
INSERT INTO NOTICE VALUES('71azp2vwew6', 66, '강의실 이용 주의사항', '강의실 내부에서 취식은 절대 불가입니다. 어길 시 앞으로 강의실을 이용하실 수 없습니다.', TO_DATE('2019-03-01 10:54:49', 'YYYY-MM-DD HH24:MI:SS'));
INSERT INTO NOTICE VALUES('71azp2vwew6', 67, '강의실 이용 주의사항', '1.일회용 컵은 내용물을 비운 뒤 쓰레기통에 버리기 2.강의실 내 음료를 제외한 취식 금지 3.분리수거 하기 4.쓰레기 막 버리지 않기', TO_DATE('2019-03-02 19:39:54', 'YYYY-MM-DD HH24:MI:SS'));
INSERT INTO NOTICE VALUES('71azp2vwew6', 68, '강의실 이용 주의사항', '강의실 내부에서 취식은 절대 불가입니다. 어길 시 앞으로 강의실을 이용하실 수 없습니다.', TO_DATE('2019-03-10 16:22:20', 'YYYY-MM-DD HH24:MI:SS'));
INSERT INTO NOTICE VALUES('71azp2vwew6', 69, '코로나19 사회적 거리두기', '코로나19 사회적 거리두기를 지킵시다! 마스크 착용를 생활화합시다! 마스크 미착용시 본 건물에 출입하실 수 없습니다.', TO_DATE('2019-05-05 09:41:31', 'YYYY-MM-DD HH24:MI:SS'));
INSERT INTO NOTICE VALUES('71azp2vwew6', 70, '코로나19 사회적 거리두기', '코로나19 사회적 거리두기를 지킵시다! 마스크 착용를 생활화합시다! 마스크 미착용시 본 건물에 출입하실 수 없습니다.', TO_DATE('2019-05-17 15:33:27', 'YYYY-MM-DD HH24:MI:SS'));
INSERT INTO NOTICE VALUES('71azp2vwew6', 71, '강의실 이용 주의사항', '1.일회용 컵은 내용물을 비운 뒤 쓰레기통에 버리기 2.강의실 내 음료를 제외한 취식 금지 3.분리수거 하기 4.쓰레기 막 버리지 않기', TO_DATE('2019-06-08 13:15:44', 'YYYY-MM-DD HH24:MI:SS'));
INSERT INTO NOTICE VALUES('71azp2vwew6', 72, '코로나19 사회적 거리두기', '코로나19 사회적 거리두기를 지킵시다! 마스크 착용를 생활화합시다! 마스크 미착용시 본 건물에 출입하실 수 없습니다.', TO_DATE('2019-07-15 19:19:17', 'YYYY-MM-DD HH24:MI:SS'));
INSERT INTO NOTICE VALUES('sx7jvn39fn', 73, '코로나19 사회적 거리두기', '코로나19 사회적 거리두기를 지킵시다! 마스크 착용를 생활화합시다! 마스크 미착용시 본 건물에 출입하실 수 없습니다.', TO_DATE('2019-08-19 02:56:51', 'YYYY-MM-DD HH24:MI:SS'));
INSERT INTO NOTICE VALUES('gai6mgvtiii', 74, '강의실 이용 주의사항', '강의실 내부에서 취식은 절대 불가입니다. 어길 시 앞으로 강의실을 이용하실 수 없습니다.', TO_DATE('2019-09-08 06:29:41', 'YYYY-MM-DD HH24:MI:SS'));
INSERT INTO NOTICE VALUES('4s1v4xe53t4', 75, '강의실 이용 주의사항', '강의실 내부에서 취식은 절대 불가입니다. 어길 시 앞으로 강의실을 이용하실 수 없습니다.', TO_DATE('2019-10-10 12:38:59', 'YYYY-MM-DD HH24:MI:SS'));
INSERT INTO NOTICE VALUES('92og0fmk13p', 76, '코로나19 사회적 거리두기', '코로나19 사회적 거리두기를 지킵시다! 마스크 착용를 생활화합시다! 마스크 미착용시 본 건물에 출입하실 수 없습니다.', TO_DATE('2019-10-14 18:26:50', 'YYYY-MM-DD HH24:MI:SS'));
INSERT INTO NOTICE VALUES('q6iuofeevzr', 77, '강의실 이용 주의사항', '강의실 내부에서 취식은 절대 불가입니다. 어길 시 앞으로 강의실을 이용하실 수 없습니다.', TO_DATE('2019-11-26 21:29:06', 'YYYY-MM-DD HH24:MI:SS'));
INSERT INTO NOTICE VALUES('q6iuofeevzr', 78, '강의실 이용 주의사항', '강의실 내부에서 취식은 절대 불가입니다. 어길 시 앞으로 강의실을 이용하실 수 없습니다.', TO_DATE('2019-12-29 20:33:59', 'YYYY-MM-DD HH24:MI:SS'));
INSERT INTO NOTICE VALUES('q6iuofeevzr', 79, '코로나19 사회적 거리두기', '코로나19 사회적 거리두기를 지킵시다! 마스크 착용를 생활화합시다! 마스크 미착용시 본 건물에 출입하실 수 없습니다.', TO_DATE('2020-02-10 16:50:38', 'YYYY-MM-DD HH24:MI:SS'));
INSERT INTO NOTICE VALUES('hlvei6zjrcu', 80, '강의실 이용 주의사항', '1.일회용 컵은 내용물을 비운 뒤 쓰레기통에 버리기 2.강의실 내 음료를 제외한 취식 금지 3.분리수거 하기 4.쓰레기 막 버리지 않기', TO_DATE('2020-02-16 03:16:31', 'YYYY-MM-DD HH24:MI:SS'));
INSERT INTO NOTICE VALUES('quqfjq2l06', 81, '코로나19 사회적 거리두기', '코로나19 사회적 거리두기를 지킵시다! 마스크 착용를 생활화합시다! 마스크 미착용시 본 건물에 출입하실 수 없습니다.', TO_DATE('2020-04-26 00:49:18', 'YYYY-MM-DD HH24:MI:SS'));
INSERT INTO NOTICE VALUES('21e5n3oc80cj', 82, '강의실 이용 주의사항', '강의실 내부에서 취식은 절대 불가입니다. 어길 시 앞으로 강의실을 이용하실 수 없습니다.', TO_DATE('2020-04-27 15:41:36', 'YYYY-MM-DD HH24:MI:SS'));
INSERT INTO NOTICE VALUES('y2n2o1tibl9', 83, '강의실 이용 주의사항', '강의실 내부에서 취식은 절대 불가입니다. 어길 시 앞으로 강의실을 이용하실 수 없습니다.', TO_DATE('2020-04-28 19:01:55', 'YYYY-MM-DD HH24:MI:SS'));
INSERT INTO NOTICE VALUES('uyaat46kcbg', 84, '강의실 이용 주의사항', '강의실 내부에서 취식은 절대 불가입니다. 어길 시 앞으로 강의실을 이용하실 수 없습니다.', TO_DATE('2020-05-02 09:06:48', 'YYYY-MM-DD HH24:MI:SS'));
INSERT INTO NOTICE VALUES('emfoxt17q7t', 85, '강의실 이용 주의사항', '강의실 내부에서 취식은 절대 불가입니다. 어길 시 앞으로 강의실을 이용하실 수 없습니다.', TO_DATE('2020-05-16 10:44:30', 'YYYY-MM-DD HH24:MI:SS'));
INSERT INTO NOTICE VALUES('zkowgkkzsg', 86, '강의실 이용 주의사항', '1.일회용 컵은 내용물을 비운 뒤 쓰레기통에 버리기 2.강의실 내 음료를 제외한 취식 금지 3.분리수거 하기 4.쓰레기 막 버리지 않기', TO_DATE('2020-05-31 21:11:33', 'YYYY-MM-DD HH24:MI:SS'));
INSERT INTO NOTICE VALUES('w7zhefy580j', 87, '코로나19 사회적 거리두기', '코로나19 사회적 거리두기를 지킵시다! 마스크 착용를 생활화합시다! 마스크 미착용시 본 건물에 출입하실 수 없습니다.', TO_DATE('2020-06-10 14:47:11', 'YYYY-MM-DD HH24:MI:SS'));
INSERT INTO NOTICE VALUES('4s1v4xe53t4', 88, '코로나19 사회적 거리두기', '코로나19 사회적 거리두기를 지킵시다! 마스크 착용를 생활화합시다! 마스크 미착용시 본 건물에 출입하실 수 없습니다.', TO_DATE('2020-06-12 13:33:44', 'YYYY-MM-DD HH24:MI:SS'));
INSERT INTO NOTICE VALUES('4n6mb2n8ks6', 89, '강의실 이용 주의사항', '1.일회용 컵은 내용물을 비운 뒤 쓰레기통에 버리기 2.강의실 내 음료를 제외한 취식 금지 3.분리수거 하기 4.쓰레기 막 버리지 않기', TO_DATE('2020-07-09 10:48:54', 'YYYY-MM-DD HH24:MI:SS'));
INSERT INTO NOTICE VALUES('4n6mb2n8ks6', 90, '강의실 이용 주의사항', '1.일회용 컵은 내용물을 비운 뒤 쓰레기통에 버리기 2.강의실 내 음료를 제외한 취식 금지 3.분리수거 하기 4.쓰레기 막 버리지 않기', TO_DATE('2020-07-13 08:32:11', 'YYYY-MM-DD HH24:MI:SS'));
INSERT INTO NOTICE VALUES('4n6mb2n8ks6', 91, '강의실 이용 주의사항', '1.일회용 컵은 내용물을 비운 뒤 쓰레기통에 버리기 2.강의실 내 음료를 제외한 취식 금지 3.분리수거 하기 4.쓰레기 막 버리지 않기', TO_DATE('2020-08-24 09:00:30', 'YYYY-MM-DD HH24:MI:SS'));
INSERT INTO NOTICE VALUES('cpu4nfnxwil', 92, '코로나19 사회적 거리두기', '코로나19 사회적 거리두기를 지킵시다! 마스크 착용를 생활화합시다! 마스크 미착용시 본 건물에 출입하실 수 없습니다.', TO_DATE('2020-11-11 02:41:57', 'YYYY-MM-DD HH24:MI:SS'));
INSERT INTO NOTICE VALUES('sogpg841h1p', 93, '코로나19 사회적 거리두기', '코로나19 사회적 거리두기를 지킵시다! 마스크 착용를 생활화합시다! 마스크 미착용시 본 건물에 출입하실 수 없습니다.', TO_DATE('2020-11-17 07:59:13', 'YYYY-MM-DD HH24:MI:SS'));
INSERT INTO NOTICE VALUES('xafrosigzq', 94, '코로나19 사회적 거리두기', '코로나19 사회적 거리두기를 지킵시다! 마스크 착용를 생활화합시다! 마스크 미착용시 본 건물에 출입하실 수 없습니다.', TO_DATE('2020-11-22 09:09:23', 'YYYY-MM-DD HH24:MI:SS'));
INSERT INTO NOTICE VALUES('sogpg841h1p', 95, '코로나19 사회적 거리두기', '코로나19 사회적 거리두기를 지킵시다! 마스크 착용를 생활화합시다! 마스크 미착용시 본 건물에 출입하실 수 없습니다.', TO_DATE('2020-11-28 05:36:54', 'YYYY-MM-DD HH24:MI:SS'));
INSERT INTO NOTICE VALUES('sogpg841h1p', 96, '코로나19 사회적 거리두기', '코로나19 사회적 거리두기를 지킵시다! 마스크 착용를 생활화합시다! 마스크 미착용시 본 건물에 출입하실 수 없습니다.', TO_DATE('2020-11-28 15:56:10', 'YYYY-MM-DD HH24:MI:SS'));
INSERT INTO NOTICE VALUES('sogpg841h1p', 97, '코로나19 사회적 거리두기', '코로나19 사회적 거리두기를 지킵시다! 마스크 착용를 생활화합시다! 마스크 미착용시 본 건물에 출입하실 수 없습니다.', TO_DATE('2020-12-09 04:00:48', 'YYYY-MM-DD HH24:MI:SS'));
INSERT INTO NOTICE VALUES('6ap2q91043g', 98, '코로나19 사회적 거리두기', '코로나19 사회적 거리두기를 지킵시다! 마스크 착용를 생활화합시다! 마스크 미착용시 본 건물에 출입하실 수 없습니다.', TO_DATE('2020-12-10 01:00:09', 'YYYY-MM-DD HH24:MI:SS'));
INSERT INTO NOTICE VALUES('w5synva1pyb', 99, '코로나19 사회적 거리두기', '코로나19 사회적 거리두기를 지킵시다! 마스크 착용를 생활화합시다! 마스크 미착용시 본 건물에 출입하실 수 없습니다.', TO_DATE('2020-12-13 12:18:58', 'YYYY-MM-DD HH24:MI:SS'));
INSERT INTO NOTICE VALUES('t0qixchhgc', 100, '코로나19 사회적 거리두기', '코로나19 사회적 거리두기를 지킵시다! 마스크 착용를 생활화합시다! 마스크 미착용시 본 건물에 출입하실 수 없습니다.', TO_DATE('2021-01-18 16:07:06', 'YYYY-MM-DD HH24:MI:SS'));

-- Rating Data
INSERT INTO RATING (RatingId, RateUId, RateRno, Rate, RComment) VALUES (1, 'PuRB6', 254, 4, '강의실이 너무 넓어요.');
INSERT INTO RATING (RatingId, RateUId, RateRno, Rate, RComment) VALUES (2, 'iQEyqie', 146, 1, '시끄러운 편이에요');
INSERT INTO RATING (RatingId, RateUId, RateRno, Rate, RComment) VALUES (3, 'WmOcv', 101, 3, '주위 강의 소리가 너무 잘들림 방음 1도 안됨');
INSERT INTO RATING (RatingId, RateUId, RateRno, Rate, RComment) VALUES (4, '1KbLuzqr1', 203, 4, '칠판이 있어서 좋아요 스터디하기도 굿굿');
INSERT INTO RATING (RatingId, RateUId, RateRno, Rate, RComment) VALUES (5, '7Ak6ntZ', 304, 3, 'ㅂㄹ');
INSERT INTO RATING (RatingId, RateUId, RateRno, Rate, RComment) VALUES (6, 'wkgiFpOJA', 315, 2, '다신 여기 안써야지');
INSERT INTO RATING (RatingId, RateUId, RateRno, Rate, RComment) VALUES (7, 'UbAzg6T', 337, 5, '공부하기싫다');
INSERT INTO RATING (RatingId, RateUId, RateRno, Rate, RComment) VALUES (8, 'HXorz', 109, 3, '여기 개 좋음 멀티탭도 있음');
INSERT INTO RATING (RatingId, RateUId, RateRno, Rate, RComment) VALUES (9, 'onbUvXA0', 350, 3, '실습실 pc가 개판이에요');
INSERT INTO RATING (RatingId, RateUId, RateRno, Rate, RComment) VALUES (10, 'a79PCgVe', 243, 3, 'pc를 쓸 수 있어서 공강 시간에 실습하기 좋아요.');
INSERT INTO RATING (RatingId, RateUId, RateRno, Rate, RComment) VALUES (11, 'g3H1lk', 430, 5, '너무 높음');
INSERT INTO RATING (RatingId, RateUId, RateRno, Rate, RComment) VALUES (12, 'Mu9Wv', 108, 3, '의자 개불편');
INSERT INTO RATING (RatingId, RateUId, RateRno, Rate, RComment) VALUES (13, 'ETmsO74', 351, 2, '의자랑 책상이 분리형이라 편해요');
INSERT INTO RATING (RatingId, RateUId, RateRno, Rate, RComment) VALUES (14, 'dDkw1pUG', 336, 2, '너무 좋다');
INSERT INTO RATING (RatingId, RateUId, RateRno, Rate, RComment) VALUES (15, 'XnOppWOG', 268, 2, '강의실이 넓어서 좋아요');
INSERT INTO RATING (RatingId, RateUId, RateRno, Rate, RComment) VALUES (16, 'fhEhfrQ', 234, 3, '사람 진짜 많음');
INSERT INTO RATING (RatingId, RateUId, RateRno, Rate, RComment) VALUES (17, 'Mu9Wv', 343, 3, '부팅도 안되는 PC를 설치해놓으면 어떡하나');
INSERT INTO RATING (RatingId, RateUId, RateRno, Rate, RComment) VALUES (18, 'UbAzg6T', 428, 2, '음…별로');
INSERT INTO RATING (RatingId, RateUId, RateRno, Rate, RComment) VALUES (19, 'DvLlZGIo', 339, 2, '다음 수업시간 전에 앉아서 공부하기 좋은듯');
INSERT INTO RATING (RatingId, RateUId, RateRno, Rate, RComment) VALUES (20, '4x7ngg', 439, 3, '여기 진짜 좋아요!! 앞으로 여기만 예약해야지');
INSERT INTO RATING (RatingId, RateUId, RateRno, Rate, RComment) VALUES (21, 'Vnpo6hH', 413, 5, '단체 예약으로 써봤는데 빔프로젝터에 칠판에 스터디하기도 좋고 조모임, 발표하기도 좋아요');
INSERT INTO RATING (RatingId, RateUId, RateRno, Rate, RComment) VALUES (22, '6AFbalDN', 254, 2, '누가 와서 과자 처먹음');
INSERT INTO RATING (RatingId, RateUId, RateRno, Rate, RComment) VALUES (23, 'EExtbEv', 231, 1, '음료수 가져오지 말라면 좀 가져오지 마라');
INSERT INTO RATING (RatingId, RateUId, RateRno, Rate, RComment) VALUES (24, 'hvBmMrMV', 106, 2, '책상이 개별로 있는게 아니라 하나의 원형 테이블에 6자리씩 묶여있는 형태임');
INSERT INTO RATING (RatingId, RateUId, RateRno, Rate, RComment) VALUES (25, 'U1i4K6fY', 430, 3, '조용해서 좋아요');
INSERT INTO RATING (RatingId, RateUId, RateRno, Rate, RComment) VALUES (26, 'mCaZI', 428, 5, '신축이라 그런가 깔끔해요');
INSERT INTO RATING (RatingId, RateUId, RateRno, Rate, RComment) VALUES (27, 'IlSSM', 430, 3, '멀티탭 굳굳');
INSERT INTO RATING (RatingId, RateUId, RateRno, Rate, RComment) VALUES (28, 'hrBd4Tn', 376, 4, '도서관이나 독서실은 너무 조용한 분위기고 환기도 잘 안되서 졸리고 별로였는데 강의실이 훨씬 낫네요');
INSERT INTO RATING (RatingId, RateUId, RateRno, Rate, RComment) VALUES (29, 'B69hc', 427, 1, '사람들이 아직 어플 몰라서 그런가 예약 안해서 쾌적함');
INSERT INTO RATING (RatingId, RateUId, RateRno, Rate, RComment) VALUES (30, 'YWJKrpNi', 439, 1, '강의실이 너무 좁아요');
INSERT INTO RATING (RatingId, RateUId, RateRno, Rate, RComment) VALUES (31, 'EmGBY', 400, 5, '강의실 개좁음 책상끼리도 딱 붙어있음');
INSERT INTO RATING (RatingId, RateUId, RateRno, Rate, RComment) VALUES (32, 'fq1Og3F4', 382, 3, '공부란 몰까');
INSERT INTO RATING (RatingId, RateUId, RateRno, Rate, RComment) VALUES (33, 'gg7Gh', 155, 1, '어떤 색히가 의자랑 책상을 합친다는 아이디어를 냈냐');
INSERT INTO RATING (RatingId, RateUId, RateRno, Rate, RComment) VALUES (34, 'IhJ0gxb', 184, 4, '대학교 책상은 원가절감인가 왜 다 이따구임');
INSERT INTO RATING (RatingId, RateUId, RateRno, Rate, RComment) VALUES (35, '71KRfvi2r', 168, 2, '여긴 책상, 의자 별도라서 그건 안거슬리는데 책상이 너무 작아요');
INSERT INTO RATING (RatingId, RateUId, RateRno, Rate, RComment) VALUES (36, '5dNyYE', 391, 1, '멀티탭도 있어서 충전하면서 공부하면 그냥 조용한 카페임');
INSERT INTO RATING (RatingId, RateUId, RateRno, Rate, RComment) VALUES (37, 'MDYkp2C', 385, 5, '먹을거 좀 먹지 마라');
INSERT INTO RATING (RatingId, RateUId, RateRno, Rate, RComment) VALUES (38, 'Ez9wTFP', 445, 3, '개더러워');
INSERT INTO RATING (RatingId, RateUId, RateRno, Rate, RComment) VALUES (39, 'NDrBDpU8', 445, 4, '청소가 안되어있어요');
INSERT INTO RATING (RatingId, RateUId, RateRno, Rate, RComment) VALUES (40, 'ByH4AJKAN', 382, 5, '굳');
INSERT INTO RATING (RatingId, RateUId, RateRno, Rate, RComment) VALUES (41, 'TlanVTYk', 337, 3, '대형 강의실이라 그런가 통째로 빌리기 힘들었는데 학회한다고 하니까 빌려주시더라구요. 일단 계단식으로 되어있는 대형 강의실을 솔직히 구하기 힘든데 학교에서 편하게 대여해줘서 개꿀이에요');
INSERT INTO RATING (RatingId, RateUId, RateRno, Rate, RComment) VALUES (42, 'FcIO4', 216, 1, '다른데는 좁거나 넓어서 싫은데 여기는 적당해서 좋음');
INSERT INTO RATING (RatingId, RateUId, RateRno, Rate, RComment) VALUES (43, 'IlSSM', 213, 1, '구석에 있어서 그런가 환기가 잘 안되는지 꿉꿉하고 곰팡이도 좀 펴있어요');
INSERT INTO RATING (RatingId, RateUId, RateRno, Rate, RComment) VALUES (44, 'yAYVHEHtV', 327, 1, '새로 지은 건물 아닌가 왜 곰팡이가 있냐');
INSERT INTO RATING (RatingId, RateUId, RateRno, Rate, RComment) VALUES (45, 'sHkL0', 375, 4, '다 좋은데 비올때 비새요');
INSERT INTO RATING (RatingId, RateUId, RateRno, Rate, RComment) VALUES (46, 'kgzOIH0Y', 385, 3, '대형 강의실이라 쾌적함');
INSERT INTO RATING (RatingId, RateUId, RateRno, Rate, RComment) VALUES (47, 'J8qMncQ', 374, 1, '다 좋음');
INSERT INTO RATING (RatingId, RateUId, RateRno, Rate, RComment) VALUES (48, 'OVDsNMgFL', 254, 3, '개별로');
INSERT INTO RATING (RatingId, RateUId, RateRno, Rate, RComment) VALUES (49, '7RY7B', 116, 2, '실습실 컴퓨터 개느림');
INSERT INTO RATING (RatingId, RateUId, RateRno, Rate, RComment) VALUES (50, '71KRfvi2r', 385, 1, '컴퓨터 중에 되는게 별로 없어요 좀 고쳐야 할듯');
INSERT INTO RATING (RatingId, RateUId, RateRno, Rate, RComment) VALUES (51, 'antMv54L6', 268, 3, '키보드 사이에 과자 부스러기 껴있음');
INSERT INTO RATING (RatingId, RateUId, RateRno, Rate, RComment) VALUES (52, 'F9C7IofAN', 315, 2, '노트북 무거워서 들고다니기 힘들었는데 강의 듣기도 좋고 컴학용 실습실이라 환경이 갖춰져 있어서 실습하기도 편해요. 나름 만족합니다.');
INSERT INTO RATING (RatingId, RateUId, RateRno, Rate, RComment) VALUES (53, 'YUmvYnxb', 376, 2, '책상이 눅눅함');
INSERT INTO RATING (RatingId, RateUId, RateRno, Rate, RComment) VALUES (54, '5dNyYE', 208, 3, '의자가 불편해요. 낮아서 그런가');
INSERT INTO RATING (RatingId, RateUId, RateRno, Rate, RComment) VALUES (55, 'zKNttIMh4', 117, 5, '사람 밀도도 낮고 독서실처럼 완전 조용할 필요도 없어서 괜찮은듯');
INSERT INTO RATING (RatingId, RateUId, RateRno, Rate, RComment) VALUES (56, 'F9C7IofAN', 234, 2, '공 부 시 러');
INSERT INTO RATING (RatingId, RateUId, RateRno, Rate, RComment) VALUES (57, 'b6i7yC12f', 331, 1, '시 험 조 아');
INSERT INTO RATING (RatingId, RateUId, RateRno, Rate, RComment) VALUES (58, 'JAT9d3tyw', 223, 3, '꿀잠자기 좋음');
INSERT INTO RATING (RatingId, RateUId, RateRno, Rate, RComment) VALUES (59, 'PnAgswbP', 150, 3, '강의실인데 이상하게 아늑함.');
INSERT INTO RATING (RatingId, RateUId, RateRno, Rate, RComment) VALUES (60, 'RH7clNH', 225, 4, '에어컨 잘 틀어줘서 시원함');
INSERT INTO RATING (RatingId, RateUId, RateRno, Rate, RComment) VALUES (61, 'RNw8i7Pe', 413, 4, '혼자 있을 때 에어컨 틀면 개꿀');
INSERT INTO RATING (RatingId, RateUId, RateRno, Rate, RComment) VALUES (62, 'F6HIhX2', 133, 3, '히터가 빵빵해서 따뜩해요');
INSERT INTO RATING (RatingId, RateUId, RateRno, Rate, RComment) VALUES (63, 'XL6nBZ', 433, 4, '창가자리인데 바람이 새서 너무 추워요');
INSERT INTO RATING (RatingId, RateUId, RateRno, Rate, RComment) VALUES (64, 'wxdYd', 352, 3, '개덥다');
INSERT INTO RATING (RatingId, RateUId, RateRno, Rate, RComment) VALUES (65, 'CL2NInL', 104, 4, '에어컨 고장남');
INSERT INTO RATING (RatingId, RateUId, RateRno, Rate, RComment) VALUES (66, 'QeEf8w4xl', 184, 3, '여기 히터 고장나서 당분간 히터 못튼데요');
INSERT INTO RATING (RatingId, RateUId, RateRno, Rate, RComment) VALUES (67, 'ZAoaXXQkZ', 123, 4, '히터가 안틀려서 적당히 선선해서 오히려 공부 더 잘되는 것 같아요 너무 따뜻하면 졸리고 공부 잘 안되니까');
INSERT INTO RATING (RatingId, RateUId, RateRno, Rate, RComment) VALUES (68, 'z5STJk', 117, 5, '밖에 풍경이 이뻐요 공부하다가 고개 들면 힐링되는 느낌~');
INSERT INTO RATING (RatingId, RateUId, RateRno, Rate, RComment) VALUES (69, '6ozzLw', 243, 5, '가끔 밖에서 누가 랩하고 가는데 누구냐 죽여버리고싶다');
INSERT INTO RATING (RatingId, RateUId, RateRno, Rate, RComment) VALUES (70, 'UO7t5', 335, 5, '중도보다 나음');
INSERT INTO RATING (RatingId, RateUId, RateRno, Rate, RComment) VALUES (71, 'zNOhPmF', 422, 4, '오도랑 비슷한 듯?');
INSERT INTO RATING (RatingId, RateUId, RateRno, Rate, RComment) VALUES (72, 'D9gnV9zy7', 149, 2, '여기 좋아서 그런가 자리잡기 너무 빡세다');
INSERT INTO RATING (RatingId, RateUId, RateRno, Rate, RComment) VALUES (73, '4x7ngg', 413, 4, '의자가 너무 작아요');
INSERT INTO RATING (RatingId, RateUId, RateRno, Rate, RComment) VALUES (74, '7HHNRZJ', 413, 4, '자리잡기 힘들 것임. 그래도 자리잡으면 정말 좋은 강의실.');
INSERT INTO RATING (RatingId, RateUId, RateRno, Rate, RComment) VALUES (75, 'rR8bx', 376, 2, '이 강의실은 대학교 다니는 사람이라면 꼭 예약해서 사용해봐야하는 강의실이라고 생각하는 입장임');
INSERT INTO RATING (RatingId, RateUId, RateRno, Rate, RComment) VALUES (76, 'iH9EJJhK', 118, 1, '그냥 예약하기 힘들 뿐더러 공부하기도 안좋음. 예약하려면 시간 투자를 많이 해야하는데 다른 평가들처럼 공부하기 좋은 것도 아니고 다들 왜 혈안이 되서 이 강의실 예약하려고 애쓰는지 모르겠음.');
INSERT INTO RATING (RatingId, RateUId, RateRno, Rate, RComment) VALUES (77, 'yrxftWt', 269, 3, '그냥 최악이란 말밖에 안나옴. 예약 열어놓고 예약하려고하면 맨날 이미 예약되었다고 안된데. 아니 사람 약올리는 것도 아니고 예약하기 엄청 힘드네.');
INSERT INTO RATING (RatingId, RateUId, RateRno, Rate, RComment) VALUES (78, 'RpT4YFya9', 242, 4, '이 강의실 예약할 때 인기 많은 이유는 이 강의실에서 공부하면 학점 A 나온다는 소문 때문임. 실제로 예약 성공한 사람 중에 A 많이 나와서 예약하기 엄청 빡심.');
INSERT INTO RATING (RatingId, RateUId, RateRno, Rate, RComment) VALUES (79, 'nFCUig', 444, 1, '다른 강의실들은 자리가 별로 없는지 예약하기 힘든데 이 강의실은 인기 없는지 예약하기 개편함.');
INSERT INTO RATING (RatingId, RateUId, RateRno, Rate, RComment) VALUES (80, 'HmcV3Q6u', 267, 4, '이 강의실에서 귀신봤어요');
INSERT INTO RATING (RatingId, RateUId, RateRno, Rate, RComment) VALUES (81, 'zfip7J', 385, 5, '이 강의실에 귀신나온다는 썰 있던데 난 괜찮던데 공부하기 편했음');
INSERT INTO RATING (RatingId, RateUId, RateRno, Rate, RComment) VALUES (82, 'vzWew', 163, 3, '저번에 늦게까지 예약해서 쓰다가 고개 드니까 나 혼자밖에 없던데 갑자기 분위기 엄청 싸하고 소름돋았음. 뭔가 칠판에서 누가 날 바라보는 느낌인데 괜히 찝찝해서 그냥 예약 취소하고 바로 집에 옴.');
INSERT INTO RATING (RatingId, RateUId, RateRno, Rate, RComment) VALUES (83, 'IlSSM', 234, 3, '귀신 바이럴 ㄷ');
INSERT INTO RATING (RatingId, RateUId, RateRno, Rate, RComment) VALUES (84, 'zKNttIMh4', 337, 5, '예약해서 좋았으나 예약하기 너무 힘들다. 대신 예약하기 힘든 만큼 학생이 쓸 수 있는 것들이나 청결도나 예약할 수 있는 강의실 중에 최상임. 맨날 새로고침해서 여기 같은 자리 예약하는데 개좋음');
INSERT INTO RATING (RatingId, RateUId, RateRno, Rate, RComment) VALUES (85, 'Vnpo6hH', 351, 4, '이번에 처음 열린 강의실이라 조금 신기했는데 할만했음. 멀티탭 없는게 아쉽다');
INSERT INTO RATING (RatingId, RateUId, RateRno, Rate, RComment) VALUES (86, '967kewq', 402, 3, '강의실에 혼자 있지 마세요. 혼자 있을 때 누가 와서 충전기 빌려달라고 하면 빌려주면 안돼요');
INSERT INTO RATING (RatingId, RateUId, RateRno, Rate, RComment) VALUES (87, 'gm3l9', 391, 4, '강의실 중에 가장 배려심 넘치는 강의실이 아닐까 싶습니다. 필요한 물건들도 다 있고 책걸상 분리되어있고 크기도 딱맞고 밖에 풍경도 이쁘고 그냥 다함. 별이 다섯개!');
INSERT INTO RATING (RatingId, RateUId, RateRno, Rate, RComment) VALUES (88, '7HHNRZJ', 414, 5, '이 강의실 예약하느라 죽는 줄 알았음.');
INSERT INTO RATING (RatingId, RateUId, RateRno, Rate, RComment) VALUES (89, 'soyLw', 160, 3, '강의실 너무 조하용 오홍홍 ^_^');
INSERT INTO RATING (RatingId, RateUId, RateRno, Rate, RComment) VALUES (90, 'UgBPItAW', 150, 4, '이 강의실 청소 제대로 안하는지 이상한 냄새남. 저번에 누가 술처먹고 들어와서 잤다는데 그때 토라도했냐;; 뭔 냄새가');
INSERT INTO RATING (RatingId, RateUId, RateRno, Rate, RComment) VALUES (91, 'z5STJk', 443, 5, '얻어갈 게 하나도 없는 강의실. 절대 예약하지 마라');
INSERT INTO RATING (RatingId, RateUId, RateRno, Rate, RComment) VALUES (92, 'LdeMns1f', 139, 5, '크게 좋은 환경은 아니지만 공부할 의지만 있다면 공부하긴 좋다. 그래서 난 이 강의실 좋음');
INSERT INTO RATING (RatingId, RateUId, RateRno, Rate, RComment) VALUES (93, 'JfnVt', 304, 5, '딱히 좋은 시설물이 있다고 기대하고 예약하면 안된다. 겉보기엔 좋아보일 수 있으나 그렇게 막 좋진 않음');
INSERT INTO RATING (RatingId, RateUId, RateRno, Rate, RComment) VALUES (94, 'wkgiFpOJA', 149, 4, '돔향챠..');
INSERT INTO RATING (RatingId, RateUId, RateRno, Rate, RComment) VALUES (95, 'C0Ulo2glx', 403, 3, '세상 살면서 한번쯤은 이런 강의실 예약해봐도 되지 않을까 싶은 강의실. 두번은 예약안함');
INSERT INTO RATING (RatingId, RateUId, RateRno, Rate, RComment) VALUES (96, 'b6i7yC12f', 107, 1, 'For sale : lecture room. Never Used');
INSERT INTO RATING (RatingId, RateUId, RateRno, Rate, RComment) VALUES (97, 'PuRB6', 211, 5, '여기 좋은데 계속 여기 예약해서 사용 중');
INSERT INTO RATING (RatingId, RateUId, RateRno, Rate, RComment) VALUES (98, 'DJrB1tw53', 337, 3, '음 난 별로');
INSERT INTO RATING (RatingId, RateUId, RateRno, Rate, RComment) VALUES (99, 'ZAoaXXQkZ', 305, 2, '새로 만들어진 강의실이라 좀 어설픈 모습이 있지만 그래도 사용하기 편한 물품이 많아 강의실 자체는 괜찮았습니다. 가끔 에어컨이 마음대로 켜지고 창문의 개수가 적어 풍경이 지루한 단점이 있습니다.');
INSERT INTO RATING (RatingId, RateUId, RateRno, Rate, RComment) VALUES (100, '1PWFO', 216, 2, '통풍이 잘 안되서 답답하고 꿉꿉한 느낌. 오래되서 삐걱거리는 책상도 많고 다른 곳 예약할 곳 없을 때 예약할듯');
INSERT INTO RATING (RatingId, RateUId, RateRno, Rate, RComment) VALUES (101, 'hiCZ7iid', 106, 1, '진짜 다 좋은데 책상이 삐걱거리고 의자는 작고 깨끗하지도 않고 창문이 많아서 통풍이 잘 되는 것도 아니고 물품이 다양해서 학생이 쓰기 편한것도 아니고 오래됐어요. 그래도 추천 ^^');

-- Timeline Data
INSERT INTO TIMELINE VALUES (327, 1, 2100, 2200);
INSERT INTO TIMELINE VALUES (207, 2, 2300, 2400);
INSERT INTO TIMELINE VALUES (230, 3, 2100, 2200);
INSERT INTO TIMELINE VALUES (101, 4, 2200, 2300);
INSERT INTO TIMELINE VALUES (208, 5, 1900, 2000);
INSERT INTO TIMELINE VALUES (118, 6, 1700, 1800);
INSERT INTO TIMELINE VALUES (136, 7, 2200, 2300);
INSERT INTO TIMELINE VALUES (269, 8, 1800, 1900);
INSERT INTO TIMELINE VALUES (422, 9, 1900, 2000);
INSERT INTO TIMELINE VALUES (260, 10, 1700, 1800);
INSERT INTO TIMELINE VALUES (402, 11, 2000, 2100);
INSERT INTO TIMELINE VALUES (315, 12, 2100, 2200);
INSERT INTO TIMELINE VALUES (296, 13, 2200, 2300);
INSERT INTO TIMELINE VALUES (408, 14, 2200, 2300);
INSERT INTO TIMELINE VALUES (375, 15, 2100, 2200);
INSERT INTO TIMELINE VALUES (376, 16, 2100, 2200);
INSERT INTO TIMELINE VALUES (376, 17, 2100, 2200);
INSERT INTO TIMELINE VALUES (393, 18, 2200, 2300);
INSERT INTO TIMELINE VALUES (106, 19, 1900, 2000);
INSERT INTO TIMELINE VALUES (422, 20, 1700, 1800);
INSERT INTO TIMELINE VALUES (243, 21, 2200, 2300);
INSERT INTO TIMELINE VALUES (117, 22, 1800, 1900);
INSERT INTO TIMELINE VALUES (150, 23, 2300, 2400);
INSERT INTO TIMELINE VALUES (204, 24, 2200, 2300);
INSERT INTO TIMELINE VALUES (136, 25, 2000, 2100);
INSERT INTO TIMELINE VALUES (433, 26, 2000, 2100);
INSERT INTO TIMELINE VALUES (352, 27, 1800, 1900);
INSERT INTO TIMELINE VALUES (428, 28, 2100, 2200);
INSERT INTO TIMELINE VALUES (344, 29, 1800, 1900);
INSERT INTO TIMELINE VALUES (439, 30, 2200, 2300);
INSERT INTO TIMELINE VALUES (101, 31, 1900, 2000);
INSERT INTO TIMELINE VALUES (211, 32, 1800, 1900);
INSERT INTO TIMELINE VALUES (168, 33, 1700, 1800);
INSERT INTO TIMELINE VALUES (242, 34, 1700, 1800);
INSERT INTO TIMELINE VALUES (234, 35, 2200, 2300);
INSERT INTO TIMELINE VALUES (211, 36, 2100, 2200);
INSERT INTO TIMELINE VALUES (174, 37, 1700, 1800);
INSERT INTO TIMELINE VALUES (104, 38, 2200, 2300);
INSERT INTO TIMELINE VALUES (200, 39, 2000, 2100);
INSERT INTO TIMELINE VALUES (203, 40, 2200, 2300);
INSERT INTO TIMELINE VALUES (116, 41, 2100, 2200);
INSERT INTO TIMELINE VALUES (101, 42, 2000, 2100);
INSERT INTO TIMELINE VALUES (221, 43, 1800, 1900);
INSERT INTO TIMELINE VALUES (207, 44, 2200, 2300);
INSERT INTO TIMELINE VALUES (343, 45, 2100, 2200);
INSERT INTO TIMELINE VALUES (315, 46, 2000, 2100);
INSERT INTO TIMELINE VALUES (117, 47, 2100, 2200);
INSERT INTO TIMELINE VALUES (352, 48, 2200, 2300);
INSERT INTO TIMELINE VALUES (181, 49, 2000, 2100);
INSERT INTO TIMELINE VALUES (207, 50, 2100, 2200);
INSERT INTO TIMELINE VALUES (150, 51, 2000, 2100);
INSERT INTO TIMELINE VALUES (393, 52, 2100, 2200);
INSERT INTO TIMELINE VALUES (337, 53, 2200, 2300);
INSERT INTO TIMELINE VALUES (258, 54, 2200, 2300);
INSERT INTO TIMELINE VALUES (234, 55, 2000, 2100);
INSERT INTO TIMELINE VALUES (376, 56, 2000, 2100);
INSERT INTO TIMELINE VALUES (392, 57, 1900, 2000);
INSERT INTO TIMELINE VALUES (118, 58, 2000, 2100);
INSERT INTO TIMELINE VALUES (268, 59, 2000, 2100);
INSERT INTO TIMELINE VALUES (185, 60, 2200, 2300);
INSERT INTO TIMELINE VALUES (343, 61, 1700, 1800);
INSERT INTO TIMELINE VALUES (106, 62, 2200, 2300);
INSERT INTO TIMELINE VALUES (150, 63, 2100, 2200);
INSERT INTO TIMELINE VALUES (208, 64, 2100, 2200);
INSERT INTO TIMELINE VALUES (334, 65, 1800, 1900);
INSERT INTO TIMELINE VALUES (213, 66, 1800, 1900);
INSERT INTO TIMELINE VALUES (174, 67, 1800, 1900);
INSERT INTO TIMELINE VALUES (203, 68, 2100, 2200);
INSERT INTO TIMELINE VALUES (231, 69, 2300, 2400);
INSERT INTO TIMELINE VALUES (155, 70, 1900, 2000);
INSERT INTO TIMELINE VALUES (233, 71, 2200, 2300);
INSERT INTO TIMELINE VALUES (208, 72, 2200, 2300);
INSERT INTO TIMELINE VALUES (231, 73, 2200, 2300);
INSERT INTO TIMELINE VALUES (376, 74, 2200, 2300);
INSERT INTO TIMELINE VALUES (339, 75, 2200, 2300);
INSERT INTO TIMELINE VALUES (331, 76, 2200, 2300);
INSERT INTO TIMELINE VALUES (216, 77, 1700, 1800);
INSERT INTO TIMELINE VALUES (400, 78, 1700, 1800);
INSERT INTO TIMELINE VALUES (145, 79, 2000, 2100);
INSERT INTO TIMELINE VALUES (225, 80, 2000, 2100);
INSERT INTO TIMELINE VALUES (268, 81, 1800, 1900);
INSERT INTO TIMELINE VALUES (337, 82, 2100, 2200);
INSERT INTO TIMELINE VALUES (136, 83, 2100, 2200);
INSERT INTO TIMELINE VALUES (207, 84, 2000, 2100);
INSERT INTO TIMELINE VALUES (163, 85, 1900, 2000);
INSERT INTO TIMELINE VALUES (145, 86, 1700, 1800);
INSERT INTO TIMELINE VALUES (150, 87, 2200, 2300);
INSERT INTO TIMELINE VALUES (230, 88, 2000, 2100);
INSERT INTO TIMELINE VALUES (107, 89, 1800, 1900);
INSERT INTO TIMELINE VALUES (168, 90, 2100, 2200);
INSERT INTO TIMELINE VALUES (430, 91, 2000, 2100);
INSERT INTO TIMELINE VALUES (162, 92, 1700, 1800);
INSERT INTO TIMELINE VALUES (168, 93, 1800, 1900);
INSERT INTO TIMELINE VALUES (280, 94, 1700, 1800);
INSERT INTO TIMELINE VALUES (160, 95, 1800, 1900);
INSERT INTO TIMELINE VALUES (272, 96, 2000, 2100);
INSERT INTO TIMELINE VALUES (213, 97, 1900, 2000);
INSERT INTO TIMELINE VALUES (136, 98, 1800, 1900);
INSERT INTO TIMELINE VALUES (117, 99, 2200, 2300);
INSERT INTO TIMELINE VALUES (413, 100, 1900, 2000);

-- Reserves Data
INSERT INTO RESERVES VALUES ('puKcxQ', 327, 1, TO_DATE('2021-10-03', 'yyyy-mm-dd'));
INSERT INTO RESERVES VALUES ('C5MZMhG', 230, 3, TO_DATE('2021-10-08', 'yyyy-mm-dd'));
INSERT INTO RESERVES VALUES ('H6pR9', 101, 4, TO_DATE('2021-10-02', 'yyyy-mm-dd'));
INSERT INTO RESERVES VALUES ('ETmsO74', 269, 8, TO_DATE('2021-10-06', 'yyyy-mm-dd'));
INSERT INTO RESERVES VALUES ('H6pR9', 269, 8, TO_DATE('2021-10-07', 'yyyy-mm-dd'));
INSERT INTO RESERVES VALUES ('8g0rGa', 422, 9, TO_DATE('2021-10-09', 'yyyy-mm-dd'));
INSERT INTO RESERVES VALUES ('gBzCWbWE0', 408, 14, TO_DATE('2021-10-05', 'yyyy-mm-dd'));
INSERT INTO RESERVES VALUES ('rXTk22wHf', 375, 15, TO_DATE('2021-10-05', 'yyyy-mm-dd'));
INSERT INTO RESERVES VALUES ('z53Ch', 376, 17, TO_DATE('2021-10-03', 'yyyy-mm-dd'));
INSERT INTO RESERVES VALUES ('xLgNJGg8', 376, 17, TO_DATE('2021-10-02', 'yyyy-mm-dd'));
INSERT INTO RESERVES VALUES ('igdbvd', 393, 18, TO_DATE('2021-10-03', 'yyyy-mm-dd'));
INSERT INTO RESERVES VALUES ('puKcxQ', 106, 19, TO_DATE('2021-10-02', 'yyyy-mm-dd'));
INSERT INTO RESERVES VALUES ('MDYkp2C', 422, 20, TO_DATE('2021-10-02', 'yyyy-mm-dd'));
INSERT INTO RESERVES VALUES ('w3AgG7ms', 422, 20, TO_DATE('2021-10-05', 'yyyy-mm-dd'));
INSERT INTO RESERVES VALUES ('7OtKPgg', 243, 21, TO_DATE('2021-10-07', 'yyyy-mm-dd'));
INSERT INTO RESERVES VALUES ('w3AgG7ms', 243, 21, TO_DATE('2021-10-04', 'yyyy-mm-dd'));
INSERT INTO RESERVES VALUES ('UbAzg6T', 243, 21, TO_DATE('2021-10-06', 'yyyy-mm-dd'));
INSERT INTO RESERVES VALUES ('eVfgCam', 117, 22, TO_DATE('2021-10-03', 'yyyy-mm-dd'));
INSERT INTO RESERVES VALUES ('pLpvgqda', 117, 22, TO_DATE('2021-10-07', 'yyyy-mm-dd'));
INSERT INTO RESERVES VALUES ('SEsqELv', 204, 24, TO_DATE('2021-10-04', 'yyyy-mm-dd'));
INSERT INTO RESERVES VALUES ('4x7ngg', 136, 25, TO_DATE('2021-10-02', 'yyyy-mm-dd'));
INSERT INTO RESERVES VALUES ('J8qMncQ', 344, 29, TO_DATE('2021-10-07', 'yyyy-mm-dd'));
INSERT INTO RESERVES VALUES ('D9gnV9zy7', 439, 30, TO_DATE('2021-10-05', 'yyyy-mm-dd'));
INSERT INTO RESERVES VALUES ('SSbbzIF', 439, 30, TO_DATE('2021-10-08', 'yyyy-mm-dd'));
INSERT INTO RESERVES VALUES ('L7wJ7', 211, 32, TO_DATE('2021-10-08', 'yyyy-mm-dd'));
INSERT INTO RESERVES VALUES ('EmGBY', 168, 33, TO_DATE('2021-10-01', 'yyyy-mm-dd'));
INSERT INTO RESERVES VALUES ('7v8N7r', 168, 33, TO_DATE('2021-10-04', 'yyyy-mm-dd'));
INSERT INTO RESERVES VALUES ('HnDpSlw8g', 104, 38, TO_DATE('2021-10-09', 'yyyy-mm-dd'));
INSERT INTO RESERVES VALUES ('b6i7yC12f', 200, 39, TO_DATE('2021-10-05', 'yyyy-mm-dd'));
INSERT INTO RESERVES VALUES ('H6pR9', 200, 39, TO_DATE('2021-10-04', 'yyyy-mm-dd'));
INSERT INTO RESERVES VALUES ('fq1Og3F4', 200, 39, TO_DATE('2021-10-09', 'yyyy-mm-dd'));
INSERT INTO RESERVES VALUES ('ETmsO74', 200, 39, TO_DATE('2021-10-04', 'yyyy-mm-dd'));
INSERT INTO RESERVES VALUES ('T2rhXR', 116, 41, TO_DATE('2021-10-01', 'yyyy-mm-dd'));
INSERT INTO RESERVES VALUES ('8O65kkBgd', 221, 43, TO_DATE('2021-10-09', 'yyyy-mm-dd'));
INSERT INTO RESERVES VALUES ('ULcOnI', 207, 44, TO_DATE('2021-10-09', 'yyyy-mm-dd'));
INSERT INTO RESERVES VALUES ('F9C7IofAN', 343, 45, TO_DATE('2021-10-06', 'yyyy-mm-dd'));
INSERT INTO RESERVES VALUES ('zwWVSgbXf', 315, 46, TO_DATE('2021-10-09', 'yyyy-mm-dd'));
INSERT INTO RESERVES VALUES ('rWvp0Rw', 117, 47, TO_DATE('2021-10-03', 'yyyy-mm-dd'));
INSERT INTO RESERVES VALUES ('4gJge5FH', 117, 47, TO_DATE('2021-10-05', 'yyyy-mm-dd'));
INSERT INTO RESERVES VALUES ('TFmJT', 181, 49, TO_DATE('2021-10-03', 'yyyy-mm-dd'));
INSERT INTO RESERVES VALUES ('gm3l9', 181, 49, TO_DATE('2021-10-03', 'yyyy-mm-dd'));
INSERT INTO RESERVES VALUES ('rOff3', 181, 49, TO_DATE('2021-10-09', 'yyyy-mm-dd'));
INSERT INTO RESERVES VALUES ('q1mvZ', 207, 50, TO_DATE('2021-10-07', 'yyyy-mm-dd'));
INSERT INTO RESERVES VALUES ('Lm5Kn', 150, 51, TO_DATE('2021-10-07', 'yyyy-mm-dd'));
INSERT INTO RESERVES VALUES ('WAbxovWWD', 150, 51, TO_DATE('2021-10-02', 'yyyy-mm-dd'));
INSERT INTO RESERVES VALUES ('XW7tggPI', 393, 52, TO_DATE('2021-10-01', 'yyyy-mm-dd'));
INSERT INTO RESERVES VALUES ('gzTNup', 393, 52, TO_DATE('2021-10-03', 'yyyy-mm-dd'));
INSERT INTO RESERVES VALUES ('k4tAYNt3L', 393, 52, TO_DATE('2021-10-07', 'yyyy-mm-dd'));
INSERT INTO RESERVES VALUES ('w3AgG7ms', 258, 54, TO_DATE('2021-10-02', 'yyyy-mm-dd'));
INSERT INTO RESERVES VALUES ('NqnQBCGU', 392, 57, TO_DATE('2021-10-03', 'yyyy-mm-dd'));
INSERT INTO RESERVES VALUES ('3BOcHYoLS', 392, 57, TO_DATE('2021-10-03', 'yyyy-mm-dd'));
INSERT INTO RESERVES VALUES ('xLZd07', 118, 58, TO_DATE('2021-10-05', 'yyyy-mm-dd'));
INSERT INTO RESERVES VALUES ('KoWRsoppv', 268, 59, TO_DATE('2021-10-04', 'yyyy-mm-dd'));
INSERT INTO RESERVES VALUES ('fq1Og3F4', 268, 59, TO_DATE('2021-10-05', 'yyyy-mm-dd'));
INSERT INTO RESERVES VALUES ('6m7gF', 185, 60, TO_DATE('2021-10-04', 'yyyy-mm-dd'));
INSERT INTO RESERVES VALUES ('hl3Yc4OS', 185, 60, TO_DATE('2021-10-04', 'yyyy-mm-dd'));
INSERT INTO RESERVES VALUES ('p3zNsaQS', 343, 61, TO_DATE('2021-10-07', 'yyyy-mm-dd'));
INSERT INTO RESERVES VALUES ('yEQrc', 343, 61, TO_DATE('2021-10-02', 'yyyy-mm-dd'));
INSERT INTO RESERVES VALUES ('LdeMns1f', 208, 64, TO_DATE('2021-10-09', 'yyyy-mm-dd'));
INSERT INTO RESERVES VALUES ('IotOcFLfH', 208, 64, TO_DATE('2021-10-09', 'yyyy-mm-dd'));
INSERT INTO RESERVES VALUES ('4t7aJbOZ1', 213, 66, TO_DATE('2021-10-06', 'yyyy-mm-dd'));
INSERT INTO RESERVES VALUES ('dSJkyBQeT', 203, 68, TO_DATE('2021-10-09', 'yyyy-mm-dd'));
INSERT INTO RESERVES VALUES ('ngkx6oq', 203, 68, TO_DATE('2021-10-05', 'yyyy-mm-dd'));
INSERT INTO RESERVES VALUES ('hAipZa3i', 203, 68, TO_DATE('2021-10-04', 'yyyy-mm-dd'));
INSERT INTO RESERVES VALUES ('4gJge5FH', 231, 69, TO_DATE('2021-10-03', 'yyyy-mm-dd'));
INSERT INTO RESERVES VALUES ('D9gnV9zy7', 155, 70, TO_DATE('2021-10-05', 'yyyy-mm-dd'));
INSERT INTO RESERVES VALUES ('qPMIk', 231, 73, TO_DATE('2021-10-04', 'yyyy-mm-dd'));
INSERT INTO RESERVES VALUES ('Pn9zZucf', 376, 74, TO_DATE('2021-10-06', 'yyyy-mm-dd'));
INSERT INTO RESERVES VALUES ('SSbbzIF', 376, 74, TO_DATE('2021-10-06', 'yyyy-mm-dd'));
INSERT INTO RESERVES VALUES ('OsBfX', 376, 74, TO_DATE('2021-10-04', 'yyyy-mm-dd'));
INSERT INTO RESERVES VALUES ('dSWqs', 376, 74, TO_DATE('2021-10-02', 'yyyy-mm-dd'));
INSERT INTO RESERVES VALUES ('088uGao', 339, 75, TO_DATE('2021-10-03', 'yyyy-mm-dd'));
INSERT INTO RESERVES VALUES ('Vnpo6hH', 339, 75, TO_DATE('2021-10-04', 'yyyy-mm-dd'));
INSERT INTO RESERVES VALUES ('UoAZw', 331, 76, TO_DATE('2021-10-07', 'yyyy-mm-dd'));
INSERT INTO RESERVES VALUES ('WQiZDX', 331, 76, TO_DATE('2021-10-02', 'yyyy-mm-dd'));
INSERT INTO RESERVES VALUES ('EmGBY', 337, 82, TO_DATE('2021-10-06', 'yyyy-mm-dd'));
INSERT INTO RESERVES VALUES ('DvvKHQRC', 337, 82, TO_DATE('2021-10-02', 'yyyy-mm-dd'));
INSERT INTO RESERVES VALUES ('s0Wu01', 136, 83, TO_DATE('2021-10-04', 'yyyy-mm-dd'));
INSERT INTO RESERVES VALUES ('75Sqn', 163, 85, TO_DATE('2021-10-03', 'yyyy-mm-dd'));
INSERT INTO RESERVES VALUES ('GZLuFzl', 163, 85, TO_DATE('2021-10-04', 'yyyy-mm-dd'));
INSERT INTO RESERVES VALUES ('MDYkp2C', 145, 86, TO_DATE('2021-10-05', 'yyyy-mm-dd'));
INSERT INTO RESERVES VALUES ('0Mehh', 145, 86, TO_DATE('2021-10-09', 'yyyy-mm-dd'));
INSERT INTO RESERVES VALUES ('puKcxQ', 150, 87, TO_DATE('2021-10-01', 'yyyy-mm-dd'));
INSERT INTO RESERVES VALUES ('71KRfvi2r', 230, 88, TO_DATE('2021-10-07', 'yyyy-mm-dd'));
INSERT INTO RESERVES VALUES ('ULcOnI', 107, 89, TO_DATE('2021-10-05', 'yyyy-mm-dd'));
INSERT INTO RESERVES VALUES ('PKEMF', 168, 90, TO_DATE('2021-10-06', 'yyyy-mm-dd'));
INSERT INTO RESERVES VALUES ('k4tAYNt3L', 168, 90, TO_DATE('2021-10-04', 'yyyy-mm-dd'));
INSERT INTO RESERVES VALUES ('iQEyqie', 430, 91, TO_DATE('2021-10-07', 'yyyy-mm-dd'));
INSERT INTO RESERVES VALUES ('34YtH', 162, 92, TO_DATE('2021-10-09', 'yyyy-mm-dd'));
INSERT INTO RESERVES VALUES ('w2gMi', 162, 92, TO_DATE('2021-10-04', 'yyyy-mm-dd'));
INSERT INTO RESERVES VALUES ('dSJkyBQeT', 162, 92, TO_DATE('2021-10-02', 'yyyy-mm-dd'));
INSERT INTO RESERVES VALUES ('gzTNup', 162, 92, TO_DATE('2021-10-02', 'yyyy-mm-dd'));
INSERT INTO RESERVES VALUES ('NqnQBCGU', 280, 94, TO_DATE('2021-10-08', 'yyyy-mm-dd'));
INSERT INTO RESERVES VALUES ('7HHNRZJ', 280, 94, TO_DATE('2021-10-05', 'yyyy-mm-dd'));
INSERT INTO RESERVES VALUES ('1CUVJIZQ', 160, 95, TO_DATE('2021-10-09', 'yyyy-mm-dd'));
INSERT INTO RESERVES VALUES ('qH3BEG', 272, 96, TO_DATE('2021-10-07', 'yyyy-mm-dd'));
INSERT INTO RESERVES VALUES ('b6i7yC12f', 117, 99, TO_DATE('2021-10-01', 'yyyy-mm-dd'));
INSERT INTO RESERVES VALUES ('WUS44', 413, 100, TO_DATE('2021-10-08', 'yyyy-mm-dd'));
INSERT INTO RESERVES VALUES ('6m7gF', 413, 100, TO_DATE('2021-10-05', 'yyyy-mm-dd'));
INSERT INTO RESERVES VALUES ('b6i7yC12f', 413, 100, TO_DATE('2021-10-01', 'yyyy-mm-dd'));

-- Report Data
INSERT INTO REPORT VALUES(1, 'yEQrc', '문의드립니다!', '강의실이 너무 지저분합니다. 쓰레기가 많아요..', TO_DATE('2012-01-03 05:24:06', 'YYYY-MM-DD HH24:MI:SS'), 'q8szp5f0aim', '이전 이용자에게 경고를 주도록 하겠습니다. 감사합니다.', TO_DATE('2012-02-06 09:27:08', 'YYYY-MM-DD HH24:MI:SS'));
INSERT INTO REPORT VALUES(2, 'vR3YdA8na', '문의드립니다!', '강의실 내 취식 불가로 알고있는데 혹시 커피는 반입 가능한가요?', TO_DATE('2012-03-19 05:17:52', 'YYYY-MM-DD HH24:MI:SS'), 't1znlub3c0q', '음료는 반입이 가능합니다. 음료를 마시지 않을 때는 마스크 꼭 착용해주시기 바랍니다.', TO_DATE('2012-04-18 22:07:48', 'YYYY-MM-DD HH24:MI:SS'));
INSERT INTO REPORT VALUES(3, 'DtePv', '답변 부탁드립니다.', '강의실 내 취식 불가로 알고있는데 혹시 커피는 반입 가능한가요?', TO_DATE('2012-04-29 16:40:41', 'YYYY-MM-DD HH24:MI:SS'), 'zvzruouyg3', '음료는 반입이 가능합니다. 음료를 마시지 않을 때는 마스크 꼭 착용해주시기 바랍니다.', TO_DATE('2012-04-30 13:50:50', 'YYYY-MM-DD HH24:MI:SS'));
INSERT INTO REPORT VALUES(4, 'Zw5cSG116', '문의드립니다!', '강의실이 너무 지저분합니다. 쓰레기가 많아요..', TO_DATE('2012-05-11 20:24:44', 'YYYY-MM-DD HH24:MI:SS'), '3fsx76qhgj6', '이전 이용자에게 경고를 주도록 하겠습니다. 감사합니다.', TO_DATE('2012-05-13 01:22:25', 'YYYY-MM-DD HH24:MI:SS'));
INSERT INTO REPORT VALUES(5, 'yEQrc', '문의드립니다!', '강의실이 너무 지저분합니다. 쓰레기가 많아요..', TO_DATE('2012-05-15 00:46:22', 'YYYY-MM-DD HH24:MI:SS'), '5d6lbyqv16e', '이전 이용자에게 경고를 주도록 하겠습니다. 감사합니다.', TO_DATE('2012-05-29 07:30:58', 'YYYY-MM-DD HH24:MI:SS'));
INSERT INTO REPORT VALUES(6, 'UoAZw', '물품 분실로 인해 문의드립니다.', '강의실에 지갑을 두고 왔습니다.. 찾을 수 있을까요?', TO_DATE('2012-06-13 04:01:43', 'YYYY-MM-DD HH24:MI:SS'), 'fl6yz4e3f8', '해당 강의실 확인 후 연락드리겠습니다. 없을시 다음 예약자에게 연락해보겠습니다~', TO_DATE('2012-06-16 15:55:06', 'YYYY-MM-DD HH24:MI:SS'));
INSERT INTO REPORT VALUES(7, 'WVLA9', '문의드립니다!', '강의실 내 취식 불가로 알고있는데 혹시 커피는 반입 가능한가요?', TO_DATE('2012-07-16 05:14:39', 'YYYY-MM-DD HH24:MI:SS'), 'hptgcwhaz8a', '음료는 반입이 가능합니다. 음료를 마시지 않을 때는 마스크 꼭 착용해주시기 바랍니다.', TO_DATE('2012-07-19 02:01:08', 'YYYY-MM-DD HH24:MI:SS'));
INSERT INTO REPORT VALUES(8, 'F2zri', '문의드립니다!', '강의실이 너무 지저분합니다. 쓰레기가 많아요..', TO_DATE('2012-08-06 04:43:47', 'YYYY-MM-DD HH24:MI:SS'), 'q8szp5f0aim', '이전 이용자에게 경고를 주도록 하겠습니다. 감사합니다.', TO_DATE('2012-08-16 07:14:14', 'YYYY-MM-DD HH24:MI:SS'));
INSERT INTO REPORT VALUES(9, 'iH9EJJhK', '물품 분실로 인해 문의드립니다.', '강의실에 아이패드를 두고 왔습니다.. 찾을 수 있을까요?', TO_DATE('2012-08-19 05:42:07', 'YYYY-MM-DD HH24:MI:SS'), 't1znlub3c0q', '해당 강의실 확인 후 연락드리겠습니다. 없을시 다음 예약자에게 연락해보겠습니다~', TO_DATE('2012-08-23 10:15:15', 'YYYY-MM-DD HH24:MI:SS'));
INSERT INTO REPORT VALUES(10, '7bEO1', '문의드립니다!', '화장실 변기가 막혀있습니다. 그래서 냄새가 심해요.. 조치 부탁드립니다.', TO_DATE('2012-10-03 04:30:48', 'YYYY-MM-DD HH24:MI:SS'), 'zvzruouyg3', '확인 후 조치하겠습니다. 감사합니다.', TO_DATE('2012-10-11 22:25:28', 'YYYY-MM-DD HH24:MI:SS'));
INSERT INTO REPORT VALUES(11, 'STMZRA82', '문의드립니다!', '강의실이 너무 지저분합니다. 쓰레기가 많아요..', TO_DATE('2012-10-22 05:02:38', 'YYYY-MM-DD HH24:MI:SS'), '3fsx76qhgj6', '이전 이용자에게 경고를 주도록 하겠습니다. 감사합니다.', TO_DATE('2012-11-26 06:00:06', 'YYYY-MM-DD HH24:MI:SS'));
INSERT INTO REPORT VALUES(12, 'Y3PQXoPJ', '답변 부탁드립니다.', '화장실 변기가 막혀있습니다. 그래서 냄새가 심해요.. 조치 부탁드립니다.', TO_DATE('2012-11-26 20:45:17', 'YYYY-MM-DD HH24:MI:SS'), '5d6lbyqv16e', '확인 후 조치하겠습니다. 감사합니다.', TO_DATE('2012-12-02 05:32:55', 'YYYY-MM-DD HH24:MI:SS'));
INSERT INTO REPORT VALUES(13, 'Kz6e4qh', '답변 부탁드립니다.', '강의실이 너무 지저분합니다. 쓰레기가 많아요..', TO_DATE('2012-12-07 14:18:19', 'YYYY-MM-DD HH24:MI:SS'), 'h4wlaxzmvyj', '이전 이용자에게 경고를 주도록 하겠습니다. 감사합니다.', TO_DATE('2013-02-09 18:28:26', 'YYYY-MM-DD HH24:MI:SS'));
INSERT INTO REPORT VALUES(14, '3mnBXs5', '문의드립니다!', '화장실 변기가 막혀있습니다. 그래서 냄새가 심해요.. 조치 부탁드립니다.', TO_DATE('2013-02-25 04:12:48', 'YYYY-MM-DD HH24:MI:SS'), 'h4wlaxzmvyj', '확인 후 조치하겠습니다. 감사합니다.', TO_DATE('2013-03-09 04:29:00', 'YYYY-MM-DD HH24:MI:SS'));
INSERT INTO REPORT VALUES(15, 'YKioe', '문의드립니다!', '강의실이 너무 지저분합니다. 쓰레기가 많아요..', TO_DATE('2013-04-01 21:02:30', 'YYYY-MM-DD HH24:MI:SS'), 'etnv7856gy', '이전 이용자에게 경고를 주도록 하겠습니다. 감사합니다.', TO_DATE('2013-04-14 08:44:02', 'YYYY-MM-DD HH24:MI:SS'));
INSERT INTO REPORT VALUES(16, 'B4gF2rxis', '문의드립니다!', '강의실 내 취식 불가로 알고있는데 혹시 커피는 반입 가능한가요?', TO_DATE('2013-04-17 03:46:35', 'YYYY-MM-DD HH24:MI:SS'), '1drvwcdpc9a', '음료는 반입이 가능합니다. 음료를 마시지 않을 때는 마스크 꼭 착용해주시기 바랍니다.', TO_DATE('2013-04-23 12:44:33', 'YYYY-MM-DD HH24:MI:SS'));
INSERT INTO REPORT VALUES(17, 'qH3BEG', '물품 분실로 인해 문의드립니다.', '강의실에 아이패드를 두고 왔습니다.. 찾을 수 있을까요?', TO_DATE('2013-05-08 20:49:25', 'YYYY-MM-DD HH24:MI:SS'), 'i3bg83uzrf', '해당 강의실 확인 후 연락드리겠습니다. 없을시 다음 예약자에게 연락해보겠습니다~', TO_DATE('2013-05-10 19:07:39', 'YYYY-MM-DD HH24:MI:SS'));
INSERT INTO REPORT VALUES(18, '34YtH', '문의드립니다!', '코로나19로 인한 강의실 예약에 제한이 있나요? 이용 가능한가요?', TO_DATE('2013-06-12 10:58:22', 'YYYY-MM-DD HH24:MI:SS'), 'celfkbp6nfh', '제한 없이 이용 가능하십니다. 단, 마스크는 꼭 착용해주셔야 합니다.', TO_DATE('2013-06-24 11:52:37', 'YYYY-MM-DD HH24:MI:SS'));
INSERT INTO REPORT VALUES(19, '2ZPnp1', '문의드립니다!', '강의실 내 취식 불가로 알고있는데 혹시 커피는 반입 가능한가요?', TO_DATE('2013-06-25 08:36:55', 'YYYY-MM-DD HH24:MI:SS'), 'g9vcx1vkzop', '음료는 반입이 가능합니다. 음료를 마시지 않을 때는 마스크 꼭 착용해주시기 바랍니다.', TO_DATE('2013-07-19 06:28:19', 'YYYY-MM-DD HH24:MI:SS'));
INSERT INTO REPORT VALUES(20, 'vV5N6', '문의드립니다!', '강의실이 너무 지저분합니다. 쓰레기가 많아요..', TO_DATE('2013-08-10 13:29:51', 'YYYY-MM-DD HH24:MI:SS'), '968penrh9f', '이전 이용자에게 경고를 주도록 하겠습니다. 감사합니다.', TO_DATE('2013-08-16 14:21:48', 'YYYY-MM-DD HH24:MI:SS'));
INSERT INTO REPORT VALUES(21, 'vR3YdA8na', '문의드립니다!', '강의실 내 취식 불가로 알고있는데 혹시 커피는 반입 가능한가요?', TO_DATE('2013-08-29 03:15:41', 'YYYY-MM-DD HH24:MI:SS'), 'b6juintf91i', '음료는 반입이 가능합니다. 음료를 마시지 않을 때는 마스크 꼭 착용해주시기 바랍니다.', TO_DATE('2013-08-31 18:14:38', 'YYYY-MM-DD HH24:MI:SS'));
INSERT INTO REPORT VALUES(22, 'DtePv', '물품 분실로 인해 문의드립니다.', '강의실에 가방을 두고 왔습니다.. 찾을 수 있을까요?', TO_DATE('2013-10-02 08:02:39', 'YYYY-MM-DD HH24:MI:SS'), 'y11d2ldxgzh', '해당 강의실 확인 후 연락드리겠습니다. 없을시 다음 예약자에게 연락해보겠습니다~', TO_DATE('2013-10-08 09:53:44', 'YYYY-MM-DD HH24:MI:SS'));
INSERT INTO REPORT VALUES(23, 'yEQrc', '문의드립니다!', '코로나19로 인한 강의실 예약에 제한이 있나요? 이용 가능한가요?', TO_DATE('2013-10-29 13:34:01', 'YYYY-MM-DD HH24:MI:SS'), 'h4wlaxzmvyj', '제한 없이 이용 가능하십니다. 단, 마스크는 꼭 착용해주셔야 합니다.', TO_DATE('2013-10-31 10:23:05', 'YYYY-MM-DD HH24:MI:SS'));
INSERT INTO REPORT VALUES(24, 'yEQrc', '물품 분실로 인해 문의드립니다.', '강의실에 지갑을 두고 왔습니다.. 찾을 수 있을까요?', TO_DATE('2013-12-19 06:24:51', 'YYYY-MM-DD HH24:MI:SS'), 'gtgieyzpmxd', '해당 강의실 확인 후 연락드리겠습니다. 없을시 다음 예약자에게 연락해보겠습니다~', TO_DATE('2013-12-27 17:11:00', 'YYYY-MM-DD HH24:MI:SS'));
INSERT INTO REPORT VALUES(25, 'Pn9zZucf', '문의드립니다!', '강의실이 너무 지저분합니다. 쓰레기가 많아요..', TO_DATE('2013-12-27 18:19:44', 'YYYY-MM-DD HH24:MI:SS'), 'hobvtyrsttj', '이전 이용자에게 경고를 주도록 하겠습니다. 감사합니다.', TO_DATE('2014-01-15 08:29:31', 'YYYY-MM-DD HH24:MI:SS'));
INSERT INTO REPORT VALUES(26, 'cVGXdB5y', '문의드립니다!', '화장실 변기가 막혀있습니다. 그래서 냄새가 심해요.. 조치 부탁드립니다.', TO_DATE('2014-01-17 18:15:01', 'YYYY-MM-DD HH24:MI:SS'), 'gi3zbsy9qci', '확인 후 조치하겠습니다. 감사합니다.', TO_DATE('2014-03-11 05:13:11', 'YYYY-MM-DD HH24:MI:SS'));
INSERT INTO REPORT VALUES(27, 'qkivN', '답변 부탁드립니다.', '강의실 내 취식 불가로 알고있는데 혹시 커피는 반입 가능한가요?', TO_DATE('2014-03-29 15:19:04', 'YYYY-MM-DD HH24:MI:SS'), 'eh21bulc9dh', '음료는 반입이 가능합니다. 음료를 마시지 않을 때는 마스크 꼭 착용해주시기 바랍니다.', TO_DATE('2014-04-13 07:16:19', 'YYYY-MM-DD HH24:MI:SS'));
INSERT INTO REPORT VALUES(28, 'upy0awgo', '답변 부탁드립니다.', '코로나19로 인한 강의실 예약에 제한이 있나요? 이용 가능한가요?', TO_DATE('2014-05-13 09:52:37', 'YYYY-MM-DD HH24:MI:SS'), '07om8uod87g5', '제한 없이 이용 가능하십니다. 단, 마스크는 꼭 착용해주셔야 합니다.', TO_DATE('2014-05-29 06:47:02', 'YYYY-MM-DD HH24:MI:SS'));
INSERT INTO REPORT VALUES(29, 'CScdg0OHi', '문의드립니다!', '강의실 내 취식 불가로 알고있는데 혹시 커피는 반입 가능한가요?', TO_DATE('2014-06-16 01:00:00', 'YYYY-MM-DD HH24:MI:SS'), '36kdyc1st1k', '음료는 반입이 가능합니다. 음료를 마시지 않을 때는 마스크 꼭 착용해주시기 바랍니다.', TO_DATE('2014-06-22 17:46:32', 'YYYY-MM-DD HH24:MI:SS'));
INSERT INTO REPORT VALUES(30, 'maOcSapJI', '문의드립니다!', '코로나19로 인한 강의실 예약에 제한이 있나요? 이용 가능한가요?', TO_DATE('2014-07-08 06:09:54', 'YYYY-MM-DD HH24:MI:SS'), 'kf68j0siyk', '제한 없이 이용 가능하십니다. 단, 마스크는 꼭 착용해주셔야 합니다.', TO_DATE('2014-07-21 17:14:51', 'YYYY-MM-DD HH24:MI:SS'));
INSERT INTO REPORT VALUES(31, '10K19naQ', '문의드립니다!', '강의실이 너무 지저분합니다. 쓰레기가 많아요..', TO_DATE('2014-12-18 21:40:52', 'YYYY-MM-DD HH24:MI:SS'), '4n6mb2n8ks6', '이전 이용자에게 경고를 주도록 하겠습니다. 감사합니다.', TO_DATE('2014-12-25 17:55:47', 'YYYY-MM-DD HH24:MI:SS'));
INSERT INTO REPORT VALUES(32, 'F2zri', '물품 분실로 인해 문의드립니다.', '강의실에 아이패드를 두고 왔습니다.. 찾을 수 있을까요?', TO_DATE('2015-01-02 06:21:51', 'YYYY-MM-DD HH24:MI:SS'), 'wsknqxbmv27', '해당 강의실 확인 후 연락드리겠습니다. 없을시 다음 예약자에게 연락해보겠습니다~', TO_DATE('2015-01-09 14:33:35', 'YYYY-MM-DD HH24:MI:SS'));
INSERT INTO REPORT VALUES(33, 'iH9EJJhK', '문의드립니다!', '강의실이 너무 지저분합니다. 쓰레기가 많아요..', TO_DATE('2015-01-20 05:29:35', 'YYYY-MM-DD HH24:MI:SS'), '94epjuahvld', '이전 이용자에게 경고를 주도록 하겠습니다. 감사합니다.', TO_DATE('2015-01-28 08:44:39', 'YYYY-MM-DD HH24:MI:SS'));
INSERT INTO REPORT VALUES(34, '7bEO1', '문의드립니다!', '코로나19로 인한 강의실 예약에 제한이 있나요? 이용 가능한가요?', TO_DATE('2015-02-26 08:12:06', 'YYYY-MM-DD HH24:MI:SS'), 'ae7o6846rkp', '제한 없이 이용 가능하십니다. 단, 마스크는 꼭 착용해주셔야 합니다.', TO_DATE('2015-03-24 20:20:50', 'YYYY-MM-DD HH24:MI:SS'));
INSERT INTO REPORT VALUES(35, 'STMZRA82', '문의드립니다!', '강의실 내 취식 불가로 알고있는데 혹시 커피는 반입 가능한가요?', TO_DATE('2015-03-26 01:25:26', 'YYYY-MM-DD HH24:MI:SS'), 'kttbjq1syt', '음료는 반입이 가능합니다. 음료를 마시지 않을 때는 마스크 꼭 착용해주시기 바랍니다.', TO_DATE('2015-04-26 20:07:23', 'YYYY-MM-DD HH24:MI:SS'));
INSERT INTO REPORT VALUES(36, 'DJrB1tw53', '답변 부탁드립니다.', '코로나19로 인한 강의실 예약에 제한이 있나요? 이용 가능한가요?', TO_DATE('2015-05-12 09:55:49', 'YYYY-MM-DD HH24:MI:SS'), '3hynh681x1h', '제한 없이 이용 가능하십니다. 단, 마스크는 꼭 착용해주셔야 합니다.', TO_DATE('2015-05-14 08:15:49', 'YYYY-MM-DD HH24:MI:SS'));
INSERT INTO REPORT VALUES(37, '6MKmEPqH', '답변 부탁드립니다.', '강의실 내 취식 불가로 알고있는데 혹시 커피는 반입 가능한가요?', TO_DATE('2015-05-23 16:34:57', 'YYYY-MM-DD HH24:MI:SS'), '07om8uod87g5', '음료는 반입이 가능합니다. 음료를 마시지 않을 때는 마스크 꼭 착용해주시기 바랍니다.', TO_DATE('2015-06-03 00:19:52', 'YYYY-MM-DD HH24:MI:SS'));
INSERT INTO REPORT VALUES(38, 'zKNttIMh4', '답변 부탁드립니다.', '화장실 변기가 막혀있습니다. 그래서 냄새가 심해요.. 조치 부탁드립니다.', TO_DATE('2015-06-05 11:42:14', 'YYYY-MM-DD HH24:MI:SS'), '07om8uod87g5', '확인 후 조치하겠습니다. 감사합니다.', TO_DATE('2015-06-17 05:22:57', 'YYYY-MM-DD HH24:MI:SS'));
INSERT INTO REPORT VALUES(39, 'echZLWgs', '답변 부탁드립니다.', '강의실 내 취식 불가로 알고있는데 혹시 커피는 반입 가능한가요?', TO_DATE('2015-07-03 12:41:25', 'YYYY-MM-DD HH24:MI:SS'), '07om8uod87g5', '음료는 반입이 가능합니다. 음료를 마시지 않을 때는 마스크 꼭 착용해주시기 바랍니다.', TO_DATE('2015-08-14 05:42:38', 'YYYY-MM-DD HH24:MI:SS'));
INSERT INTO REPORT VALUES(40, 'yEQrc', '문의드립니다!', '강의실 내 취식 불가로 알고있는데 혹시 커피는 반입 가능한가요?', TO_DATE('2015-09-03 02:10:45', 'YYYY-MM-DD HH24:MI:SS'), '07om8uod87g5', '음료는 반입이 가능합니다. 음료를 마시지 않을 때는 마스크 꼭 착용해주시기 바랍니다.', TO_DATE('2015-09-05 11:13:57', 'YYYY-MM-DD HH24:MI:SS'));
INSERT INTO REPORT VALUES(41, 'bwT8b6h', '문의드립니다!', '코로나19로 인한 강의실 예약에 제한이 있나요? 이용 가능한가요?', TO_DATE('2015-09-25 08:16:29', 'YYYY-MM-DD HH24:MI:SS'), '07om8uod87g5', '제한 없이 이용 가능하십니다. 단, 마스크는 꼭 착용해주셔야 합니다.', TO_DATE('2015-10-08 12:07:17', 'YYYY-MM-DD HH24:MI:SS'));
INSERT INTO REPORT VALUES(42, 'hl3Yc4OS', '문의드립니다!', '화장실 변기가 막혀있습니다. 그래서 냄새가 심해요.. 조치 부탁드립니다.', TO_DATE('2015-10-20 11:12:22', 'YYYY-MM-DD HH24:MI:SS'), 'wnj6y570rok', '확인 후 조치하겠습니다. 감사합니다.', TO_DATE('2015-11-02 12:32:00', 'YYYY-MM-DD HH24:MI:SS'));
INSERT INTO REPORT VALUES(43, 'PnAgswbP', '문의드립니다!', '강의실이 너무 지저분합니다. 쓰레기가 많아요..', TO_DATE('2015-12-01 01:20:50', 'YYYY-MM-DD HH24:MI:SS'), 'a2c4fgby03', '이전 이용자에게 경고를 주도록 하겠습니다. 감사합니다.', TO_DATE('2015-12-14 05:16:16', 'YYYY-MM-DD HH24:MI:SS'));
INSERT INTO REPORT VALUES(44, '7D114', '물품 분실로 인해 문의드립니다.', '강의실에 아이패드를 두고 왔습니다.. 찾을 수 있을까요?', TO_DATE('2015-12-16 13:11:11', 'YYYY-MM-DD HH24:MI:SS'), 'sl6w9zhrkj', '해당 강의실 확인 후 연락드리겠습니다. 없을시 다음 예약자에게 연락해보겠습니다~', TO_DATE('2016-01-02 16:56:58', 'YYYY-MM-DD HH24:MI:SS'));
INSERT INTO REPORT VALUES(45, '8g0rGa', '문의드립니다!', '코로나19로 인한 강의실 예약에 제한이 있나요? 이용 가능한가요?', TO_DATE('2016-01-07 07:23:02', 'YYYY-MM-DD HH24:MI:SS'), 'mun7ipbf5x', '제한 없이 이용 가능하십니다. 단, 마스크는 꼭 착용해주셔야 합니다.', TO_DATE('2016-01-20 09:34:17', 'YYYY-MM-DD HH24:MI:SS'));
INSERT INTO REPORT VALUES(46, '6AFbalDN', '문의드립니다!', '강의실 내 취식 불가로 알고있는데 혹시 커피는 반입 가능한가요?', TO_DATE('2016-03-29 07:25:01', 'YYYY-MM-DD HH24:MI:SS'), 'q6iuofeevzr', '음료는 반입이 가능합니다. 음료를 마시지 않을 때는 마스크 꼭 착용해주시기 바랍니다.', TO_DATE('2016-04-04 13:35:39', 'YYYY-MM-DD HH24:MI:SS'));
INSERT INTO REPORT VALUES(47, 'Ez9wTFP', '문의드립니다!', '코로나19로 인한 강의실 예약에 제한이 있나요? 이용 가능한가요?', TO_DATE('2016-05-16 18:31:16', 'YYYY-MM-DD HH24:MI:SS'), '71azp2vwew6', '제한 없이 이용 가능하십니다. 단, 마스크는 꼭 착용해주셔야 합니다.', TO_DATE('2016-05-23 00:29:55', 'YYYY-MM-DD HH24:MI:SS'));
INSERT INTO REPORT VALUES(48, '7Ak6ntZ', '문의드립니다!', '화장실 변기가 막혀있습니다. 그래서 냄새가 심해요.. 조치 부탁드립니다.', TO_DATE('2016-05-31 09:16:25', 'YYYY-MM-DD HH24:MI:SS'), 'buhkfzsgimm', '확인 후 조치하겠습니다. 감사합니다.', TO_DATE('2016-06-03 08:25:26', 'YYYY-MM-DD HH24:MI:SS'));
INSERT INTO REPORT VALUES(49, 'DJrB1tw53', '답변 부탁드립니다.', '강의실 내 취식 불가로 알고있는데 혹시 커피는 반입 가능한가요?', TO_DATE('2016-06-03 22:27:45', 'YYYY-MM-DD HH24:MI:SS'), 'icnbm8he6q', '음료는 반입이 가능합니다. 음료를 마시지 않을 때는 마스크 꼭 착용해주시기 바랍니다.', TO_DATE('2016-06-07 20:28:27', 'YYYY-MM-DD HH24:MI:SS'));
INSERT INTO REPORT VALUES(50, '6MKmEPqH', '답변 부탁드립니다.', '코로나19로 인한 강의실 예약에 제한이 있나요? 이용 가능한가요?', TO_DATE('2016-06-27 15:48:18', 'YYYY-MM-DD HH24:MI:SS'), 'cu692z0ggom', '제한 없이 이용 가능하십니다. 단, 마스크는 꼭 착용해주셔야 합니다.', TO_DATE('2016-07-04 01:52:38', 'YYYY-MM-DD HH24:MI:SS'));
INSERT INTO REPORT VALUES(51, 'zKNttIMh4', '답변 부탁드립니다.', '화장실 변기가 막혀있습니다. 그래서 냄새가 심해요.. 조치 부탁드립니다.', TO_DATE('2016-07-29 23:32:26', 'YYYY-MM-DD HH24:MI:SS'), 'wnj6y570rok', '확인 후 조치하겠습니다. 감사합니다.', TO_DATE('2016-09-08 20:33:52', 'YYYY-MM-DD HH24:MI:SS'));
INSERT INTO REPORT VALUES(52, 'CibhoF', '답변 부탁드립니다.', '강의실이 너무 지저분합니다. 쓰레기가 많아요..', TO_DATE('2016-09-12 20:37:29', 'YYYY-MM-DD HH24:MI:SS'), 'a2c4fgby03', '이전 이용자에게 경고를 주도록 하겠습니다. 감사합니다.', TO_DATE('2016-09-16 17:59:54', 'YYYY-MM-DD HH24:MI:SS'));
INSERT INTO REPORT VALUES(53, 'yAYVHEHtV', '문의드립니다!', '강의실이 너무 지저분합니다. 쓰레기가 많아요..', TO_DATE('2016-09-17 23:21:38', 'YYYY-MM-DD HH24:MI:SS'), 'i3xyjbijk4', '이전 이용자에게 경고를 주도록 하겠습니다. 감사합니다.', TO_DATE('2016-09-21 19:20:54', 'YYYY-MM-DD HH24:MI:SS'));
INSERT INTO REPORT VALUES(54, 'dSJkyBQeT', '문의드립니다!', '강의실이 너무 지저분합니다. 쓰레기가 많아요..', TO_DATE('2016-09-28 02:53:17', 'YYYY-MM-DD HH24:MI:SS'), 'nbgeohrd3rd', '이전 이용자에게 경고를 주도록 하겠습니다. 감사합니다.', TO_DATE('2016-10-18 17:50:08', 'YYYY-MM-DD HH24:MI:SS'));
INSERT INTO REPORT VALUES(55, 'rOff3', '문의드립니다!', '코로나19로 인한 강의실 예약에 제한이 있나요? 이용 가능한가요?', TO_DATE('2016-11-13 17:25:35', 'YYYY-MM-DD HH24:MI:SS'), 'tgwrcpy6p5', '제한 없이 이용 가능하십니다. 단, 마스크는 꼭 착용해주셔야 합니다.', TO_DATE('2016-11-30 21:17:06', 'YYYY-MM-DD HH24:MI:SS'));
INSERT INTO REPORT VALUES(56, 'L7wJ7', '물품 분실로 인해 문의드립니다.', '강의실에 가방을 두고 왔습니다.. 찾을 수 있을까요?', TO_DATE('2016-12-19 09:15:57', 'YYYY-MM-DD HH24:MI:SS'), 't51pywbp3bk', '해당 강의실 확인 후 연락드리겠습니다. 없을시 다음 예약자에게 연락해보겠습니다~', TO_DATE('2017-01-05 02:37:30', 'YYYY-MM-DD HH24:MI:SS'));
INSERT INTO REPORT VALUES(57, 'H6pR9', '문의드립니다!', '강의실 내 취식 불가로 알고있는데 혹시 커피는 반입 가능한가요?', TO_DATE('2017-01-25 21:49:45', 'YYYY-MM-DD HH24:MI:SS'), 'g3l5a8jmiet', '음료는 반입이 가능합니다. 음료를 마시지 않을 때는 마스크 꼭 착용해주시기 바랍니다.', TO_DATE('2017-01-27 15:22:46', 'YYYY-MM-DD HH24:MI:SS'));
INSERT INTO REPORT VALUES(58, 'yEQrc', '문의드립니다!', '코로나19로 인한 강의실 예약에 제한이 있나요? 이용 가능한가요?', TO_DATE('2017-03-12 12:05:17', 'YYYY-MM-DD HH24:MI:SS'), 'ioqiei8wqck', '제한 없이 이용 가능하십니다. 단, 마스크는 꼭 착용해주셔야 합니다.', TO_DATE('2017-03-19 06:09:31', 'YYYY-MM-DD HH24:MI:SS'));
INSERT INTO REPORT VALUES(59, 'vV8gn8EOg', '물품 분실로 인해 문의드립니다.', '강의실에 아이패드를 두고 왔습니다.. 찾을 수 있을까요?', TO_DATE('2017-05-06 09:46:01', 'YYYY-MM-DD HH24:MI:SS'), 'anyolj5frd', '해당 강의실 확인 후 연락드리겠습니다. 없을시 다음 예약자에게 연락해보겠습니다~', TO_DATE('2017-05-07 17:37:35', 'YYYY-MM-DD HH24:MI:SS'));
INSERT INTO REPORT VALUES(60, '1CUVJIZQ', '문의드립니다!', '코로나19로 인한 강의실 예약에 제한이 있나요? 이용 가능한가요?', TO_DATE('2017-05-14 07:41:08', 'YYYY-MM-DD HH24:MI:SS'), '8bj3f7xt6go', '제한 없이 이용 가능하십니다. 단, 마스크는 꼭 착용해주셔야 합니다.', TO_DATE('2017-06-13 10:13:27', 'YYYY-MM-DD HH24:MI:SS'));
INSERT INTO REPORT VALUES(61, 'DJrB1tw53', '답변 부탁드립니다.', '강의실 내 취식 불가로 알고있는데 혹시 커피는 반입 가능한가요?', TO_DATE('2017-07-09 17:38:31', 'YYYY-MM-DD HH24:MI:SS'), 'p0338cmrrk', '음료는 반입이 가능합니다. 음료를 마시지 않을 때는 마스크 꼭 착용해주시기 바랍니다.', TO_DATE('2017-07-28 10:04:21', 'YYYY-MM-DD HH24:MI:SS'));
INSERT INTO REPORT VALUES(62, '6MKmEPqH', '답변 부탁드립니다.', '코로나19로 인한 강의실 예약에 제한이 있나요? 이용 가능한가요?', TO_DATE('2017-08-02 15:52:43', 'YYYY-MM-DD HH24:MI:SS'), 'y90007rg86', '제한 없이 이용 가능하십니다. 단, 마스크는 꼭 착용해주셔야 합니다.', TO_DATE('2017-08-12 03:44:49', 'YYYY-MM-DD HH24:MI:SS'));
INSERT INTO REPORT VALUES(63, 'zKNttIMh4', '문의드립니다!', '강의실이 너무 지저분합니다. 쓰레기가 많아요..', TO_DATE('2017-08-29 19:55:19', 'YYYY-MM-DD HH24:MI:SS'), 'gfsla9g1cvf', '이전 이용자에게 경고를 주도록 하겠습니다. 감사합니다.', TO_DATE('2017-09-16 17:46:48', 'YYYY-MM-DD HH24:MI:SS'));
INSERT INTO REPORT VALUES(64, 'izZCn9om9', '문의드립니다!', '코로나19로 인한 강의실 예약에 제한이 있나요? 이용 가능한가요?', TO_DATE('2017-11-06 03:20:24', 'YYYY-MM-DD HH24:MI:SS'), 'pmirbanvj6o', '제한 없이 이용 가능하십니다. 단, 마스크는 꼭 착용해주셔야 합니다.', TO_DATE('2017-12-23 11:33:26', 'YYYY-MM-DD HH24:MI:SS'));
INSERT INTO REPORT VALUES(65, 'o3oxU3', '물품 분실로 인해 문의드립니다.', '강의실에 지갑을 두고 왔습니다.. 찾을 수 있을까요?', TO_DATE('2018-02-22 11:45:10', 'YYYY-MM-DD HH24:MI:SS'), 'n3xap2nght', '해당 강의실 확인 후 연락드리겠습니다. 없을시 다음 예약자에게 연락해보겠습니다~', TO_DATE('2018-02-28 07:11:36', 'YYYY-MM-DD HH24:MI:SS'));
INSERT INTO REPORT VALUES(66, 'xLgNJGg8', '문의드립니다!', '코로나19로 인한 강의실 예약에 제한이 있나요? 이용 가능한가요?', TO_DATE('2018-03-11 05:01:21', 'YYYY-MM-DD HH24:MI:SS'), '8pl7hx1tqem', '제한 없이 이용 가능하십니다. 단, 마스크는 꼭 착용해주셔야 합니다.', TO_DATE('2018-03-26 14:05:58', 'YYYY-MM-DD HH24:MI:SS'));
INSERT INTO REPORT VALUES(67, 'C0Ulo2glx', '문의드립니다!', '화장실 변기가 막혀있습니다. 그래서 냄새가 심해요.. 조치 부탁드립니다.', TO_DATE('2018-03-28 10:25:45', 'YYYY-MM-DD HH24:MI:SS'), 'k7rpmaisa8n', '확인 후 조치하겠습니다. 감사합니다.', TO_DATE('2018-04-04 17:34:05', 'YYYY-MM-DD HH24:MI:SS'));
INSERT INTO REPORT VALUES(68, '6ozzLw', '문의드립니다!', '강의실이 너무 지저분합니다. 쓰레기가 많아요..', TO_DATE('2018-04-21 09:07:17', 'YYYY-MM-DD HH24:MI:SS'), 'sdtdwxfnw7i', '이전 이용자에게 경고를 주도록 하겠습니다. 감사합니다.', TO_DATE('2018-05-01 10:46:55', 'YYYY-MM-DD HH24:MI:SS'));
INSERT INTO REPORT VALUES(69, '3BOcHYoLS', '답변 부탁드립니다.', '코로나19로 인한 강의실 예약에 제한이 있나요? 이용 가능한가요?', TO_DATE('2018-05-11 01:10:23', 'YYYY-MM-DD HH24:MI:SS'), 'x87x2y04nor', '제한 없이 이용 가능하십니다. 단, 마스크는 꼭 착용해주셔야 합니다.', TO_DATE('2018-05-16 13:19:59', 'YYYY-MM-DD HH24:MI:SS'));
INSERT INTO REPORT VALUES(70, '967kewq', '문의드립니다!', '강의실이 너무 지저분합니다. 쓰레기가 많아요..', TO_DATE('2018-05-16 21:16:56', 'YYYY-MM-DD HH24:MI:SS'), '85myn5xuz4w', '이전 이용자에게 경고를 주도록 하겠습니다. 감사합니다.', TO_DATE('2018-05-21 18:14:41', 'YYYY-MM-DD HH24:MI:SS'));
INSERT INTO REPORT VALUES(71, 'NqnQBCGU', '문의드립니다!', '코로나19로 인한 강의실 예약에 제한이 있나요? 이용 가능한가요?', TO_DATE('2018-07-03 05:08:59', 'YYYY-MM-DD HH24:MI:SS'), 'gast2l87isc', '제한 없이 이용 가능하십니다. 단, 마스크는 꼭 착용해주셔야 합니다.', TO_DATE('2018-07-26 14:16:51', 'YYYY-MM-DD HH24:MI:SS'));
INSERT INTO REPORT VALUES(72, 'ldYomHc5S', '문의드립니다!', '강의실이 너무 지저분합니다. 쓰레기가 많아요..', TO_DATE('2018-11-02 00:17:00', 'YYYY-MM-DD HH24:MI:SS'), '6li1fxlhjsy', '이전 이용자에게 경고를 주도록 하겠습니다. 감사합니다.', TO_DATE('2018-12-03 02:37:06', 'YYYY-MM-DD HH24:MI:SS'));
INSERT INTO REPORT VALUES(73, 'iQEyqie', '답변 부탁드립니다.', '강의실이 너무 지저분합니다. 쓰레기가 많아요..', TO_DATE('2018-12-18 18:06:16', 'YYYY-MM-DD HH24:MI:SS'), 'sx7jvn39fn', '이전 이용자에게 경고를 주도록 하겠습니다. 감사합니다.', TO_DATE('2018-12-23 00:53:41', 'YYYY-MM-DD HH24:MI:SS'));
INSERT INTO REPORT VALUES(74, '7v8N7r', '문의드립니다!', '강의실이 너무 지저분합니다. 쓰레기가 많아요..', TO_DATE('2019-01-23 16:42:18', 'YYYY-MM-DD HH24:MI:SS'), 'gai6mgvtiii', '이전 이용자에게 경고를 주도록 하겠습니다. 감사합니다.', TO_DATE('2019-02-10 11:04:58', 'YYYY-MM-DD HH24:MI:SS'));
INSERT INTO REPORT VALUES(75, 'zNOhPmF', '문의드립니다!', '화장실 변기가 막혀있습니다. 그래서 냄새가 심해요.. 조치 부탁드립니다.', TO_DATE('2019-02-16 08:42:40', 'YYYY-MM-DD HH24:MI:SS'), 'ad0btxv6qhf', '확인 후 조치하겠습니다. 감사합니다.', TO_DATE('2019-03-13 17:55:38', 'YYYY-MM-DD HH24:MI:SS'));
INSERT INTO REPORT VALUES(76, 'f6G28', '문의드립니다!', '코로나19로 인한 강의실 예약에 제한이 있나요? 이용 가능한가요?', TO_DATE('2019-04-16 21:45:25', 'YYYY-MM-DD HH24:MI:SS'), '92og0fmk13p', '제한 없이 이용 가능하십니다. 단, 마스크는 꼭 착용해주셔야 합니다.', TO_DATE('2019-04-25 14:05:28', 'YYYY-MM-DD HH24:MI:SS'));
INSERT INTO REPORT VALUES(77, 'QeEf8w4xl', '답변 부탁드립니다.', '강의실 내 취식 불가로 알고있는데 혹시 커피는 반입 가능한가요?', TO_DATE('2019-05-18 07:27:19', 'YYYY-MM-DD HH24:MI:SS'), 'h1syi3r165f', '음료는 반입이 가능합니다. 음료를 마시지 않을 때는 마스크 꼭 착용해주시기 바랍니다.', TO_DATE('2019-05-22 11:08:20', 'YYYY-MM-DD HH24:MI:SS'));
INSERT INTO REPORT VALUES(78, 'HnDpSlw8g', '문의드립니다!', '코로나19로 인한 강의실 예약에 제한이 있나요? 이용 가능한가요?', TO_DATE('2019-06-01 11:13:52', 'YYYY-MM-DD HH24:MI:SS'), '93gf59wffw', '제한 없이 이용 가능하십니다. 단, 마스크는 꼭 착용해주셔야 합니다.', TO_DATE('2019-06-17 04:20:24', 'YYYY-MM-DD HH24:MI:SS'));
INSERT INTO REPORT VALUES(79, 'XL6nBZ', '문의드립니다!', '강의실에 가방을 두고 왔습니다.. 찾을 수 있을까요?', TO_DATE('2019-08-22 14:53:22', 'YYYY-MM-DD HH24:MI:SS'), 'z7n23kl8ow', '해당 강의실 확인 후 연락드리겠습니다. 없을시 다음 예약자에게 연락해보겠습니다~', TO_DATE('2019-09-01 04:53:54', 'YYYY-MM-DD HH24:MI:SS'));
INSERT INTO REPORT VALUES(80, 'rR8bx', '물품 분실로 인해 문의드립니다.', '강의실에 아이패드를 두고 왔습니다.. 찾을 수 있을까요?', TO_DATE('2019-10-02 23:25:26', 'YYYY-MM-DD HH24:MI:SS'), 'hlvei6zjrcu', '해당 강의실 확인 후 연락드리겠습니다. 없을시 다음 예약자에게 연락해보겠습니다~', TO_DATE('2019-10-12 20:43:05', 'YYYY-MM-DD HH24:MI:SS'));
INSERT INTO REPORT VALUES(81, 'UbAzg6T', '문의드립니다!', '코로나19로 인한 강의실 예약에 제한이 있나요? 이용 가능한가요?', TO_DATE('2019-10-24 04:14:24', 'YYYY-MM-DD HH24:MI:SS'), 'quqfjq2l06', '제한 없이 이용 가능하십니다. 단, 마스크는 꼭 착용해주셔야 합니다.', TO_DATE('2019-11-07 16:50:19', 'YYYY-MM-DD HH24:MI:SS'));
INSERT INTO REPORT VALUES(82, 'yEQrc', '답변 부탁드립니다.', '강의실 내 취식 불가로 알고있는데 혹시 커피는 반입 가능한가요?', TO_DATE('2019-11-15 13:12:35', 'YYYY-MM-DD HH24:MI:SS'), '21e5n3oc80cj', '음료는 반입이 가능합니다. 음료를 마시지 않을 때는 마스크 꼭 착용해주시기 바랍니다.', TO_DATE('2019-12-04 02:15:07', 'YYYY-MM-DD HH24:MI:SS'));
INSERT INTO REPORT VALUES(83, 'fhEhfrQ', '문의드립니다!', '코로나19로 인한 강의실 예약에 제한이 있나요? 이용 가능한가요?', TO_DATE('2019-12-09 04:30:33', 'YYYY-MM-DD HH24:MI:SS'), 'pmirbanvj6o', '제한 없이 이용 가능하십니다. 단, 마스크는 꼭 착용해주셔야 합니다.', TO_DATE('2019-12-20 18:28:10', 'YYYY-MM-DD HH24:MI:SS'));
INSERT INTO REPORT VALUES(84, 'dDkw1pUG', '답변 부탁드립니다.', '강의실 내 취식 불가로 알고있는데 혹시 커피는 반입 가능한가요?', TO_DATE('2020-01-06 07:28:21', 'YYYY-MM-DD HH24:MI:SS'), 'n3xap2nght', '음료는 반입이 가능합니다. 음료를 마시지 않을 때는 마스크 꼭 착용해주시기 바랍니다.', TO_DATE('2020-01-21 20:17:51', 'YYYY-MM-DD HH24:MI:SS'));
INSERT INTO REPORT VALUES(85, '4h6qLa4Ff', '답변 부탁드립니다.', '코로나19로 인한 강의실 예약에 제한이 있나요? 이용 가능한가요?', TO_DATE('2020-02-01 02:22:02', 'YYYY-MM-DD HH24:MI:SS'), '8pl7hx1tqem', '제한 없이 이용 가능하십니다. 단, 마스크는 꼭 착용해주셔야 합니다.', TO_DATE('2020-02-14 00:17:15', 'YYYY-MM-DD HH24:MI:SS'));
INSERT INTO REPORT VALUES(86, 'PKEMF', '문의드립니다!', '화장실 변기가 막혀있습니다. 그래서 냄새가 심해요.. 조치 부탁드립니다.', TO_DATE('2020-02-19 16:57:56', 'YYYY-MM-DD HH24:MI:SS'), 'k7rpmaisa8n', '확인 후 조치하겠습니다. 감사합니다.', TO_DATE('2020-02-22 14:06:46', 'YYYY-MM-DD HH24:MI:SS'));
INSERT INTO REPORT VALUES(87, 'LizSKOzJO', '문의드립니다!', '강의실이 너무 지저분합니다. 쓰레기가 많아요..', TO_DATE('2020-02-28 14:05:49', 'YYYY-MM-DD HH24:MI:SS'), 'sdtdwxfnw7i', '이전 이용자에게 경고를 주도록 하겠습니다. 감사합니다.', TO_DATE('2020-03-21 09:18:15', 'YYYY-MM-DD HH24:MI:SS'));
INSERT INTO REPORT VALUES(88, 'rfpl1BPy', '문의드립니다!', '코로나19로 인한 강의실 예약에 제한이 있나요? 이용 가능한가요?', TO_DATE('2020-03-30 13:14:14', 'YYYY-MM-DD HH24:MI:SS'), 'x87x2y04nor', '제한 없이 이용 가능하십니다. 단, 마스크는 꼭 착용해주셔야 합니다.', TO_DATE('2020-04-02 12:44:16', 'YYYY-MM-DD HH24:MI:SS'));
INSERT INTO REPORT VALUES(89, 'fvx26zhuT', '물품 분실로 인해 문의드립니다.', '강의실에 가방을 두고 왔습니다.. 찾을 수 있을까요?', TO_DATE('2020-07-08 14:42:01', 'YYYY-MM-DD HH24:MI:SS'), 'vcj3tqcm3z', '해당 강의실 확인 후 연락드리겠습니다. 없을시 다음 예약자에게 연락해보겠습니다~', TO_DATE('2020-10-06 08:53:54', 'YYYY-MM-DD HH24:MI:SS'));
INSERT INTO REPORT VALUES(90, 'k5WKu2wU3', '문의드립니다!', '코로나19로 인한 강의실 예약에 제한이 있나요? 이용 가능한가요?', TO_DATE('2020-11-03 00:35:41', 'YYYY-MM-DD HH24:MI:SS'), 'jhqx98lmzu', '제한 없이 이용 가능하십니다. 단, 마스크는 꼭 착용해주셔야 합니다.', TO_DATE('2020-12-08 05:35:14', 'YYYY-MM-DD HH24:MI:SS'));
INSERT INTO REPORT VALUES(91, 'soyLw', '답변 부탁드립니다.', '강의실이 너무 지저분합니다. 쓰레기가 많아요..', TO_DATE('2020-12-10 18:01:53', 'YYYY-MM-DD HH24:MI:SS'), 'm9y02hs6k9', '이전 이용자에게 경고를 주도록 하겠습니다. 감사합니다.', TO_DATE('2020-12-22 23:50:17', 'YYYY-MM-DD HH24:MI:SS'));
INSERT INTO REPORT VALUES(92, 'MDYkp2C', '답변 부탁드립니다.', '코로나19로 인한 강의실 예약에 제한이 있나요? 이용 가능한가요?', TO_DATE('2020-12-27 12:35:48', 'YYYY-MM-DD HH24:MI:SS'), 'm9y02hs6k9', '제한 없이 이용 가능하십니다. 단, 마스크는 꼭 착용해주셔야 합니다.', TO_DATE('2021-01-18 20:54:44', 'YYYY-MM-DD HH24:MI:SS'));
INSERT INTO REPORT VALUES(93, 'fhEhfrQ', '문의드립니다!', '화장실 변기가 막혀있습니다. 그래서 냄새가 심해요.. 조치 부탁드립니다.', TO_DATE('2021-02-18 00:37:02', 'YYYY-MM-DD HH24:MI:SS'), 'm9y02hs6k9', '확인 후 조치하겠습니다. 감사합니다.', TO_DATE('2021-02-18 02:31:43', 'YYYY-MM-DD HH24:MI:SS'));
INSERT INTO REPORT VALUES(94, 'fhEhfrQ', '문의드립니다!', '강의실 내 취식 불가로 알고있는데 혹시 커피는 반입 가능한가요?', TO_DATE('2021-03-08 03:07:36', 'YYYY-MM-DD HH24:MI:SS'), 'm9y02hs6k9', '음료는 반입이 가능합니다. 음료를 마시지 않을 때는 마스크 꼭 착용해주시기 바랍니다.', TO_DATE('2021-03-13 17:26:12', 'YYYY-MM-DD HH24:MI:SS'));
INSERT INTO REPORT VALUES(95, 'fhEhfrQ', '문의드립니다!', '코로나19로 인한 강의실 예약에 제한이 있나요? 이용 가능한가요?', TO_DATE('2021-03-15 16:10:10', 'YYYY-MM-DD HH24:MI:SS'), 'uiqngib3gw', '제한 없이 이용 가능하십니다. 단, 마스크는 꼭 착용해주셔야 합니다.', TO_DATE('2021-03-22 20:09:37', 'YYYY-MM-DD HH24:MI:SS'));
INSERT INTO REPORT VALUES(96, 'fhEhfrQ', '물품 분실로 인해 문의드립니다.', '강의실에 가방을 두고 왔습니다.. 찾을 수 있을까요?', TO_DATE('2021-03-23 18:18:24', 'YYYY-MM-DD HH24:MI:SS'), 'hzyr7gyd1vn', '해당 강의실 확인 후 연락드리겠습니다. 없을시 다음 예약자에게 연락해보겠습니다~', TO_DATE('2021-04-18 04:04:34', 'YYYY-MM-DD HH24:MI:SS'));
INSERT INTO REPORT VALUES(97, 'Lm5Kn', '문의드립니다!', '강의실이 너무 지저분합니다. 쓰레기가 많아요..', TO_DATE('2021-04-22 17:02:40', 'YYYY-MM-DD HH24:MI:SS'), 'm9y02hs6k9', '이전 이용자에게 경고를 주도록 하겠습니다. 감사합니다.', TO_DATE('2021-05-24 13:15:38', 'YYYY-MM-DD HH24:MI:SS'));
INSERT INTO REPORT VALUES(98, 'SSbbzIF', '문의드립니다!', '코로나19로 인한 강의실 예약에 제한이 있나요? 이용 가능한가요?', TO_DATE('2021-07-02 04:59:52', 'YYYY-MM-DD HH24:MI:SS'), '6ap2q91043g', '제한 없이 이용 가능하십니다. 단, 마스크는 꼭 착용해주셔야 합니다.', TO_DATE('2021-07-02 10:59:52', 'YYYY-MM-DD HH24:MI:SS'));
INSERT INTO REPORT VALUES(99, 'bhRF5RUi', '물품 분실로 인해 문의드립니다.', '강의실에 지갑을 두고 왔습니다.. 찾을 수 있을까요?', TO_DATE('2021-08-12 23:58:30', 'YYYY-MM-DD HH24:MI:SS'), 'w5synva1pyb', '해당 강의실 확인 후 연락드리겠습니다. 없을시 다음 예약자에게 연락해보겠습니다~', TO_DATE('2021-08-16 22:30:04', 'YYYY-MM-DD HH24:MI:SS'));
INSERT INTO REPORT VALUES(100, 'yEQrc', '문의드립니다!', '강의실 내 취식 불가로 알고있는데 혹시 커피는 반입 가능한가요?', TO_DATE('2021-09-30 02:40:17', 'YYYY-MM-DD HH24:MI:SS'), 't0qixchhgc', '음료는 반입이 가능합니다. 음료를 마시지 않을 때는 마스크 꼭 착용해주시기 바랍니다.', TO_DATE('2021-10-03 17:57:33', 'YYYY-MM-DD HH24:MI:SS'));
